Id,Label,Terms,Datatype,Pattern,Unit,Enumeration,Additional Missing Value Codes,Notes
nih_record_id,User ID,,string,,,,"""-9999""=[Reason Unknown] |""-9960""=[This information was not provided by the originator (participant or sensor)] |""-9985""=[Data was invalid (wrong format, wrong or unknown units, not parseable, or impossible value)] |""-9944""=[This element (question or variable) was not presented to user for collection (reason unspecified)]",
age_yrs,"Age  For babies less than 1 year old, do not write the age in months.Write 0 as the age.",,int,,,,"""-9999""=[Reason Unknown] |""-9960""=[This information was not provided by the originator (participant or sensor)] |""-9985""=[Data was invalid (wrong format, wrong or unknown units, not parseable, or impossible value)] |""-9944""=[This element (question or variable) was not presented to user for collection (reason unspecified)]",
alcohol_date_mdy,Date of Alcohol/Tobacco Use Collection  MM/DD/YYYY,,date,,,,"""-9999""=[Reason Unknown] |""-9960""=[This information was not provided by the originator (participant or sensor)] |""-9985""=[Data was invalid (wrong format, wrong or unknown units, not parseable, or impossible value)] |""-9944""=[This element (question or variable) was not presented to user for collection (reason unspecified)]",
alcohol_daysperweek,How often do you have a drink containing alcohol?,,int,,,"""0""=[Never] |""1""=[Monthly or less] |""2""=[2-4 times a month] |""3""=[2-3 times a week] |""4""=[4 or more times a week] |""5""=[Don't know or refuse to answer] ","""-9999""=[Reason Unknown] |""-9960""=[This information was not provided by the originator (participant or sensor)] |""-9985""=[Data was invalid (wrong format, wrong or unknown units, not parseable, or impossible value)] |""-9944""=[This element (question or variable) was not presented to user for collection (reason unspecified)]",
bio_sex_birth_2,What was your sex assigned at birth on your birth certificate?,,int,,,"""0""=[Male] |""1""=[Female] |""3""=[Intersex] |""96""=[None of these describe me] |""99""=[Prefer not to answer] ","""-9999""=[Reason Unknown] |""-9960""=[This information was not provided by the originator (participant or sensor)] |""-9985""=[Data was invalid (wrong format, wrong or unknown units, not parseable, or impossible value)] |""-9944""=[This element (question or variable) was not presented to user for collection (reason unspecified)]",
cc_asthma_2,Asthma ,,int,,,"""0""=[No] |""1""=[Yes] |""99""=[Prefer not to answer] ","""-9999""=[Reason Unknown] |""-9960""=[This information was not provided by the originator (participant or sensor)] |""-9985""=[Data was invalid (wrong format, wrong or unknown units, not parseable, or impossible value)] |""-9944""=[This element (question or variable) was not presented to user for collection (reason unspecified)]",
cc_asud_2,Alcohol or substance use disorder,,int,,,"""0""=[No] |""1""=[Yes] |""99""=[Prefer not to answer] ","""-9999""=[Reason Unknown] |""-9960""=[This information was not provided by the originator (participant or sensor)] |""-9985""=[Data was invalid (wrong format, wrong or unknown units, not parseable, or impossible value)] |""-9944""=[This element (question or variable) was not presented to user for collection (reason unspecified)]",
cc_autoimm_2,Autoimmune disease,,int,,,"""0""=[No] |""1""=[Yes] |""99""=[Prefer not to answer] ","""-9999""=[Reason Unknown] |""-9960""=[This information was not provided by the originator (participant or sensor)] |""-9985""=[Data was invalid (wrong format, wrong or unknown units, not parseable, or impossible value)] |""-9944""=[This element (question or variable) was not presented to user for collection (reason unspecified)]",
cc_cancer_2,Cancer diagnosis and/or treatment within the past 12 months,,int,,,"""0""=[No] |""1""=[Yes] |""99""=[Prefer not to answer] ","""-9999""=[Reason Unknown] |""-9960""=[This information was not provided by the originator (participant or sensor)] |""-9985""=[Data was invalid (wrong format, wrong or unknown units, not parseable, or impossible value)] |""-9944""=[This element (question or variable) was not presented to user for collection (reason unspecified)]",
cc_chronickd_2,Chronic kidney disease (CKD),,int,,,"""0""=[No] |""1""=[Yes] |""99""=[Prefer not to answer] ","""-9999""=[Reason Unknown] |""-9960""=[This information was not provided by the originator (participant or sensor)] |""-9985""=[Data was invalid (wrong format, wrong or unknown units, not parseable, or impossible value)] |""-9944""=[This element (question or variable) was not presented to user for collection (reason unspecified)]",
cc_clung_2,Other chronic lung disease,,int,,,"""0""=[No] |""1""=[Yes] |""99""=[Prefer not to answer] ","""-9999""=[Reason Unknown] |""-9960""=[This information was not provided by the originator (participant or sensor)] |""-9985""=[Data was invalid (wrong format, wrong or unknown units, not parseable, or impossible value)] |""-9944""=[This element (question or variable) was not presented to user for collection (reason unspecified)]",
cc_copd_2,Chronic obstructive pulmonary disease (COPD),,int,,,"""0""=[No] |""1""=[Yes] |""99""=[Prefer not to answer] ","""-9999""=[Reason Unknown] |""-9960""=[This information was not provided by the originator (participant or sensor)] |""-9985""=[Data was invalid (wrong format, wrong or unknown units, not parseable, or impossible value)] |""-9944""=[This element (question or variable) was not presented to user for collection (reason unspecified)]",
cc_cvd_2,Cardiovascular disease (CVD or heart disease),,int,,,"""0""=[No] |""1""=[Yes] |""99""=[Prefer not to answer] ","""-9999""=[Reason Unknown] |""-9960""=[This information was not provided by the originator (participant or sensor)] |""-9985""=[Data was invalid (wrong format, wrong or unknown units, not parseable, or impossible value)] |""-9944""=[This element (question or variable) was not presented to user for collection (reason unspecified)]",
cc_depression_2,Depression,,int,,,"""0""=[No] |""1""=[Yes] |""99""=[Prefer not to answer] ","""-9999""=[Reason Unknown] |""-9960""=[This information was not provided by the originator (participant or sensor)] |""-9985""=[Data was invalid (wrong format, wrong or unknown units, not parseable, or impossible value)] |""-9944""=[This element (question or variable) was not presented to user for collection (reason unspecified)]",
cc_diabetes_2,Diabetes,,int,,,"""0""=[No] |""1""=[Yes] |""99""=[Prefer not to answer] ","""-9999""=[Reason Unknown] |""-9960""=[This information was not provided by the originator (participant or sensor)] |""-9985""=[Data was invalid (wrong format, wrong or unknown units, not parseable, or impossible value)] |""-9944""=[This element (question or variable) was not presented to user for collection (reason unspecified)]",
cc_hypertension_2,"Hypertension (HTN, high blood pressure)",,int,,,"""0""=[No] |""1""=[Yes] |""99""=[Prefer not to answer] ","""-9999""=[Reason Unknown] |""-9960""=[This information was not provided by the originator (participant or sensor)] |""-9985""=[Data was invalid (wrong format, wrong or unknown units, not parseable, or impossible value)] |""-9944""=[This element (question or variable) was not presented to user for collection (reason unspecified)]",
cc_imm_2,Immunocompromised condition,,int,,,"""0""=[No] |""1""=[Yes] |""99""=[Prefer not to answer] ","""-9999""=[Reason Unknown] |""-9960""=[This information was not provided by the originator (participant or sensor)] |""-9985""=[Data was invalid (wrong format, wrong or unknown units, not parseable, or impossible value)] |""-9944""=[This element (question or variable) was not presented to user for collection (reason unspecified)]",
cc_intrav_2,Intravenous drug use,,int,,,"""0""=[No] |""1""=[Yes] |""99""=[Prefer not to answer] ","""-9999""=[Reason Unknown] |""-9960""=[This information was not provided by the originator (participant or sensor)] |""-9985""=[Data was invalid (wrong format, wrong or unknown units, not parseable, or impossible value)] |""-9944""=[This element (question or variable) was not presented to user for collection (reason unspecified)]",
cc_otherchroniccond_2,Other chronic condition,,int,,,"""0""=[No] |""1""=[Yes] |""99""=[Prefer not to answer] ","""-9999""=[Reason Unknown] |""-9960""=[This information was not provided by the originator (participant or sensor)] |""-9985""=[Data was invalid (wrong format, wrong or unknown units, not parseable, or impossible value)] |""-9944""=[This element (question or variable) was not presented to user for collection (reason unspecified)]",
cc_othermh_2,Other mental health disorder,,int,,,"""0""=[No] |""1""=[Yes] |""99""=[Prefer not to answer] ","""-9999""=[Reason Unknown] |""-9960""=[This information was not provided by the originator (participant or sensor)] |""-9985""=[Data was invalid (wrong format, wrong or unknown units, not parseable, or impossible value)] |""-9944""=[This element (question or variable) was not presented to user for collection (reason unspecified)]",
cc_sickle_2,Sickle Cell Anemia,,int,,,"""0""=[No] |""1""=[Yes] |""99""=[Prefer not to answer] ","""-9999""=[Reason Unknown] |""-9960""=[This information was not provided by the originator (participant or sensor)] |""-9985""=[Data was invalid (wrong format, wrong or unknown units, not parseable, or impossible value)] |""-9944""=[This element (question or variable) was not presented to user for collection (reason unspecified)]",
consent_given,Is consent required for this study?,,int,,,"""0""=[No] |""1""=[Yes] ","""-9999""=[Reason Unknown] |""-9960""=[This information was not provided by the originator (participant or sensor)] |""-9985""=[Data was invalid (wrong format, wrong or unknown units, not parseable, or impossible value)] |""-9944""=[This element (question or variable) was not presented to user for collection (reason unspecified)]",
consent_recontact,I agree to be contacted for future research.,,int,,,"""0""=[No] |""1""=[Yes] ","""-9999""=[Reason Unknown] |""-9960""=[This information was not provided by the originator (participant or sensor)] |""-9985""=[Data was invalid (wrong format, wrong or unknown units, not parseable, or impossible value)] |""-9944""=[This element (question or variable) was not presented to user for collection (reason unspecified)]",
consentdt_mdy,Date of Consent     MM/DD/YYYY,,date,,,,"""-9999""=[Reason Unknown] |""-9960""=[This information was not provided by the originator (participant or sensor)] |""-9985""=[Data was invalid (wrong format, wrong or unknown units, not parseable, or impossible value)] |""-9944""=[This element (question or variable) was not presented to user for collection (reason unspecified)]",
cov_pan_chal_hlth_2,Getting the health care I need (including for mental health),,int,,,"""0""=[No, not a challenge] |""1""=[Yes, a minor challenge] |""2""=[Yes, this is a major challenge] |""99""=[Prefer not to answer] ","""-9999""=[Reason Unknown] |""-9960""=[This information was not provided by the originator (participant or sensor)] |""-9985""=[Data was invalid (wrong format, wrong or unknown units, not parseable, or impossible value)] |""-9944""=[This element (question or variable) was not presented to user for collection (reason unspecified)]",
cov_pan_chal_med_2,Getting the medicine I need,,int,,,"""0""=[No, not a challenge] |""1""=[Yes, a minor challenge] |""2""=[Yes, this is a major challenge] |""99""=[Prefer not to answer] ","""-9999""=[Reason Unknown] |""-9960""=[This information was not provided by the originator (participant or sensor)] |""-9985""=[Data was invalid (wrong format, wrong or unknown units, not parseable, or impossible value)] |""-9944""=[This element (question or variable) was not presented to user for collection (reason unspecified)]",
cov_pan_chlng_trans_2,Getting to where I need to go ,,int,,,"""0""=[No, not a challenge] |""1""=[Yes, a minor challenge] |""2""=[Yes, this is a major challenge] |""99""=[Prefer not to answer] ","""-9999""=[Reason Unknown] |""-9960""=[This information was not provided by the originator (participant or sensor)] |""-9985""=[Data was invalid (wrong format, wrong or unknown units, not parseable, or impossible value)] |""-9944""=[This element (question or variable) was not presented to user for collection (reason unspecified)]",
cov_tst_mthd_2,How were you tested for your most recent test? ,,int,,,"""1""=[Nasal Swab] |""2""=[Throat Swab] |""3""=[Blood Sample] |""4""=[Saliva] |""99""=[Prefer not to answer] ","""-9999""=[Reason Unknown] |""-9960""=[This information was not provided by the originator (participant or sensor)] |""-9985""=[Data was invalid (wrong format, wrong or unknown units, not parseable, or impossible value)] |""-9944""=[This element (question or variable) was not presented to user for collection (reason unspecified)]",
covid_abpain_2,Abdominal Pain,,int,,,"""0""=[No] |""1""=[Yes] |""98""=[Don't know] |""99""=[Prefer not to answer] ","""-9999""=[Reason Unknown] |""-9960""=[This information was not provided by the originator (participant or sensor)] |""-9985""=[Data was invalid (wrong format, wrong or unknown units, not parseable, or impossible value)] |""-9944""=[This element (question or variable) was not presented to user for collection (reason unspecified)]",
covid_cough_2,Cough,,int,,,"""0""=[No] |""1""=[Yes] |""98""=[Don't know] |""99""=[Prefer not to answer] ","""-9999""=[Reason Unknown] |""-9960""=[This information was not provided by the originator (participant or sensor)] |""-9985""=[Data was invalid (wrong format, wrong or unknown units, not parseable, or impossible value)] |""-9944""=[This element (question or variable) was not presented to user for collection (reason unspecified)]",
covid_diffbreath_2,Shortness of breath or difficulty breathing,,int,,,"""0""=[No] |""1""=[Yes] |""98""=[Don't know] |""99""=[Prefer not to answer] ","""-9999""=[Reason Unknown] |""-9960""=[This information was not provided by the originator (participant or sensor)] |""-9985""=[Data was invalid (wrong format, wrong or unknown units, not parseable, or impossible value)] |""-9944""=[This element (question or variable) was not presented to user for collection (reason unspecified)]",
covid_fatique_2,Lack of energy or general tired feeling,,int,,,"""0""=[No] |""1""=[Yes] |""98""=[Don't know] |""99""=[Prefer not to answer] ","""-9999""=[Reason Unknown] |""-9960""=[This information was not provided by the originator (participant or sensor)] |""-9985""=[Data was invalid (wrong format, wrong or unknown units, not parseable, or impossible value)] |""-9944""=[This element (question or variable) was not presented to user for collection (reason unspecified)]",
covid_fever_2,Fever or chills,,int,,,"""0""=[No] |""1""=[Yes] |""98""=[Don't know] |""99""=[Prefer not to answer] ","""-9999""=[Reason Unknown] |""-9960""=[This information was not provided by the originator (participant or sensor)] |""-9985""=[Data was invalid (wrong format, wrong or unknown units, not parseable, or impossible value)] |""-9944""=[This element (question or variable) was not presented to user for collection (reason unspecified)]",
covid_headache_2,Headache,,int,,,"""0""=[No] |""1""=[Yes] |""98""=[Don't know] |""99""=[Prefer not to answer] ","""-9999""=[Reason Unknown] |""-9960""=[This information was not provided by the originator (participant or sensor)] |""-9985""=[Data was invalid (wrong format, wrong or unknown units, not parseable, or impossible value)] |""-9944""=[This element (question or variable) was not presented to user for collection (reason unspecified)]",
covid_myalgia_2,Muscle or body aches,,int,,,"""0""=[No] |""1""=[Yes] |""98""=[Don't know] |""99""=[Prefer not to answer] ","""-9999""=[Reason Unknown] |""-9960""=[This information was not provided by the originator (participant or sensor)] |""-9985""=[Data was invalid (wrong format, wrong or unknown units, not parseable, or impossible value)] |""-9944""=[This element (question or variable) was not presented to user for collection (reason unspecified)]",
covid_nausea_2,"Feeling sick to your stomach or vomiting, diarrhea",,int,,,"""0""=[No] |""1""=[Yes] |""98""=[Don't know] |""99""=[Prefer not to answer] ","""-9999""=[Reason Unknown] |""-9960""=[This information was not provided by the originator (participant or sensor)] |""-9985""=[Data was invalid (wrong format, wrong or unknown units, not parseable, or impossible value)] |""-9944""=[This element (question or variable) was not presented to user for collection (reason unspecified)]",
covid_olfactory_2,New loss of taste or smell,,int,,,"""0""=[No] |""1""=[Yes] |""98""=[Don't know] |""99""=[Prefer not to answer] ","""-9999""=[Reason Unknown] |""-9960""=[This information was not provided by the originator (participant or sensor)] |""-9985""=[Data was invalid (wrong format, wrong or unknown units, not parseable, or impossible value)] |""-9944""=[This element (question or variable) was not presented to user for collection (reason unspecified)]",
covid_other_2,Other,,int,,,"""0""=[No] |""1""=[Yes] |""98""=[Don't know] |""99""=[Prefer not to answer] ","""-9999""=[Reason Unknown] |""-9960""=[This information was not provided by the originator (participant or sensor)] |""-9985""=[Data was invalid (wrong format, wrong or unknown units, not parseable, or impossible value)] |""-9944""=[This element (question or variable) was not presented to user for collection (reason unspecified)]",
covid_pandemic_challenges_abod_2,Having a place to stay/live,,int,,,"""0""=[No, not a challenge] |""1""=[Yes, a minor challenge] |""2""=[Yes, this is a major challenge] |""99""=[Prefer not to answer] ","""-9999""=[Reason Unknown] |""-9960""=[This information was not provided by the originator (participant or sensor)] |""-9985""=[Data was invalid (wrong format, wrong or unknown units, not parseable, or impossible value)] |""-9944""=[This element (question or variable) was not presented to user for collection (reason unspecified)]",
covid_pandemic_challenges_food_2,Getting enough food to eat,,int,,,"""0""=[No, not a challenge] |""1""=[Yes, a minor challenge] |""2""=[Yes, this is a major challenge] |""99""=[Prefer not to answer] ","""-9999""=[Reason Unknown] |""-9960""=[This information was not provided by the originator (participant or sensor)] |""-9985""=[Data was invalid (wrong format, wrong or unknown units, not parseable, or impossible value)] |""-9944""=[This element (question or variable) was not presented to user for collection (reason unspecified)]",
covid_pandemic_challenges_wate_2,Having clean water to drink,,int,,,"""0""=[No, not a challenge] |""1""=[Yes, a minor challenge] |""2""=[Yes, this is a major challenge] |""99""=[Prefer not to answer] ","""-9999""=[Reason Unknown] |""-9960""=[This information was not provided by the originator (participant or sensor)] |""-9985""=[Data was invalid (wrong format, wrong or unknown units, not parseable, or impossible value)] |""-9944""=[This element (question or variable) was not presented to user for collection (reason unspecified)]",
covid_runnynose_2,"Sore throat, congestion or runny nose ",,int,,,"""0""=[No] |""1""=[Yes] |""98""=[Don't know] |""99""=[Prefer not to answer] ","""-9999""=[Reason Unknown] |""-9960""=[This information was not provided by the originator (participant or sensor)] |""-9985""=[Data was invalid (wrong format, wrong or unknown units, not parseable, or impossible value)] |""-9944""=[This element (question or variable) was not presented to user for collection (reason unspecified)]",
covid_skinrash_2,Skin Rash,,int,,,"""0""=[No] |""1""=[Yes] |""98""=[Don't know] |""99""=[Prefer not to answer] ","""-9999""=[Reason Unknown] |""-9960""=[This information was not provided by the originator (participant or sensor)] |""-9985""=[Data was invalid (wrong format, wrong or unknown units, not parseable, or impossible value)] |""-9944""=[This element (question or variable) was not presented to user for collection (reason unspecified)]",
covid_test_approval,Quality and Regulatory,,int,,,"""1""=[CLIA/CP certified] |""2""=[CLIA Waiver] |""3""=[FDA authorized (EUA)] |""4""=[FDA cleared] |""5""=[LDT] |""90""=[Other (specify)] ","""-9999""=[Reason Unknown] |""-9960""=[This information was not provided by the originator (participant or sensor)] |""-9985""=[Data was invalid (wrong format, wrong or unknown units, not parseable, or impossible value)] |""-9944""=[This element (question or variable) was not presented to user for collection (reason unspecified)]",
covid_test_collect_datetime,Date and time specimen collected,,datetime,,,,"""-9999""=[Reason Unknown] |""-9960""=[This information was not provided by the originator (participant or sensor)] |""-9985""=[Data was invalid (wrong format, wrong or unknown units, not parseable, or impossible value)] |""-9944""=[This element (question or variable) was not presented to user for collection (reason unspecified)]",
covid_test_collection_setting,Test Collection Setting,,int,,,"""1""=[Clinic] |""2""=[Drive-through] |""3""=[Home] |""4""=[Mobile unit] |""5""=[Lab] |""6""=[Mail-in] |""7""=[Community location (e.g., church, school, community center, etc.)] |""90""=[Other, Specify] ","""-9999""=[Reason Unknown] |""-9960""=[This information was not provided by the originator (participant or sensor)] |""-9985""=[Data was invalid (wrong format, wrong or unknown units, not parseable, or impossible value)] |""-9944""=[This element (question or variable) was not presented to user for collection (reason unspecified)]",
covid_test_date_mdy,Date of COVID Test Information Collection,,date,,,,"""-9999""=[Reason Unknown] |""-9960""=[This information was not provided by the originator (participant or sensor)] |""-9985""=[Data was invalid (wrong format, wrong or unknown units, not parseable, or impossible value)] |""-9944""=[This element (question or variable) was not presented to user for collection (reason unspecified)]",
covid_test_performed_location,Test Performed Location,,int,,,"""1""=[Clinic] |""2""=[Drive-through] |""3""=[Home] |""4""=[Mobile unit] |""5""=[Lab] |""6""=[Mail-in] |""7""=[Community location (e.g., church, school, community center, etc.)] |""90""=[Other, Specify] ","""-9999""=[Reason Unknown] |""-9960""=[This information was not provided by the originator (participant or sensor)] |""-9985""=[Data was invalid (wrong format, wrong or unknown units, not parseable, or impossible value)] |""-9944""=[This element (question or variable) was not presented to user for collection (reason unspecified)]",
covid_test_result,Test result,,int,,,"""1""=[Positive] |""2""=[Negative] |""3""=[Failed] |""4""=[Lost] |""90""=[Other] ","""-9999""=[Reason Unknown] |""-9960""=[This information was not provided by the originator (participant or sensor)] |""-9985""=[Data was invalid (wrong format, wrong or unknown units, not parseable, or impossible value)] |""-9944""=[This element (question or variable) was not presented to user for collection (reason unspecified)]",
covid_test_result_datetime,Date and time result received,,datetime,,,,"""-9999""=[Reason Unknown] |""-9960""=[This information was not provided by the originator (participant or sensor)] |""-9985""=[Data was invalid (wrong format, wrong or unknown units, not parseable, or impossible value)] |""-9944""=[This element (question or variable) was not presented to user for collection (reason unspecified)]",
covid_test_result_sent_datetime,Date and time result sent to participant,,datetime,,,,"""-9999""=[Reason Unknown] |""-9960""=[This information was not provided by the originator (participant or sensor)] |""-9985""=[Data was invalid (wrong format, wrong or unknown units, not parseable, or impossible value)] |""-9944""=[This element (question or variable) was not presented to user for collection (reason unspecified)]",
covid_test_specimen_collector,Specimen Collector,,int,,,"""1""=[Self-collect] |""2""=[Health Care Provider collected] |""90""=[Other, Specify] ","""-9999""=[Reason Unknown] |""-9960""=[This information was not provided by the originator (participant or sensor)] |""-9985""=[Data was invalid (wrong format, wrong or unknown units, not parseable, or impossible value)] |""-9944""=[This element (question or variable) was not presented to user for collection (reason unspecified)]",
covid_test_specimen_type,Specimen Type,,int,,,"""1""=[Anterior nasal swab] |""2""=[Mid-turbinate nasal swab] |""3""=[Nasopharyngeal swab] |""4""=[Oropharyngeal swab] |""5""=[Nasal lavage] |""6""=[Saliva] |""7""=[Sputum] |""8""=[Whole blood] |""90""=[Other, Specify] ","""-9999""=[Reason Unknown] |""-9960""=[This information was not provided by the originator (participant or sensor)] |""-9985""=[Data was invalid (wrong format, wrong or unknown units, not parseable, or impossible value)] |""-9944""=[This element (question or variable) was not presented to user for collection (reason unspecified)]",
covid_test_study_setting,Study Setting,,int,,,"""1""=[Community health center] |""2""=[Nursing home or long-term care facility] |""3""=[Prison or correctional facility] |""4""=[Public housing] |""5""=[Rural] |""6""=[Urban] |""7""=[School] |""8""=[In-home] |""90""=[Other, Specify] ","""-9999""=[Reason Unknown] |""-9960""=[This information was not provided by the originator (participant or sensor)] |""-9985""=[Data was invalid (wrong format, wrong or unknown units, not parseable, or impossible value)] |""-9944""=[This element (question or variable) was not presented to user for collection (reason unspecified)]",
covid_test_tar_dis_stat_2___1,Participant Testing Disease Status,,bit,,,"""0""=[Asymptomatic] |""1""=[Asymptomatic] ","""-9999""=[Reason Unknown] |""-9960""=[This information was not provided by the originator (participant or sensor)] |""-9985""=[Data was invalid (wrong format, wrong or unknown units, not parseable, or impossible value)] |""-9944""=[This element (question or variable) was not presented to user for collection (reason unspecified)]",
covid_test_tar_dis_stat_2___2,Participant Testing Disease Status,,bit,,,"""0""=[Pre-symptomatic illness] |""1""=[Pre-symptomatic illness] ","""-9999""=[Reason Unknown] |""-9960""=[This information was not provided by the originator (participant or sensor)] |""-9985""=[Data was invalid (wrong format, wrong or unknown units, not parseable, or impossible value)] |""-9944""=[This element (question or variable) was not presented to user for collection (reason unspecified)]",
covid_test_tar_dis_stat_2___3,Participant Testing Disease Status,,bit,,,"""0""=[Mild/Moderate outpatient illness] |""1""=[Mild/Moderate outpatient illness] ","""-9999""=[Reason Unknown] |""-9960""=[This information was not provided by the originator (participant or sensor)] |""-9985""=[Data was invalid (wrong format, wrong or unknown units, not parseable, or impossible value)] |""-9944""=[This element (question or variable) was not presented to user for collection (reason unspecified)]",
covid_test_tar_dis_stat_2___4,Participant Testing Disease Status,,bit,,,"""0""=[Acute illness] |""1""=[Acute illness] ","""-9999""=[Reason Unknown] |""-9960""=[This information was not provided by the originator (participant or sensor)] |""-9985""=[Data was invalid (wrong format, wrong or unknown units, not parseable, or impossible value)] |""-9944""=[This element (question or variable) was not presented to user for collection (reason unspecified)]",
covid_test_tar_dis_stat_2___5,Participant Testing Disease Status,,bit,,,"""0""=[Severe/Critical inpatient illness] |""1""=[Severe/Critical inpatient illness] ","""-9999""=[Reason Unknown] |""-9960""=[This information was not provided by the originator (participant or sensor)] |""-9985""=[Data was invalid (wrong format, wrong or unknown units, not parseable, or impossible value)] |""-9944""=[This element (question or variable) was not presented to user for collection (reason unspecified)]",
covid_test_tar_dis_stat_2___6,Participant Testing Disease Status,,bit,,,"""0""=[Exposed] |""1""=[Exposed] ","""-9999""=[Reason Unknown] |""-9960""=[This information was not provided by the originator (participant or sensor)] |""-9985""=[Data was invalid (wrong format, wrong or unknown units, not parseable, or impossible value)] |""-9944""=[This element (question or variable) was not presented to user for collection (reason unspecified)]",
covid_test_tar_dis_stat_2___9,Participant Testing Disease Status,,bit,,,"""0""=[Convalescent illiness] |""1""=[Convalescent illiness] ","""-9999""=[Reason Unknown] |""-9960""=[This information was not provided by the originator (participant or sensor)] |""-9985""=[Data was invalid (wrong format, wrong or unknown units, not parseable, or impossible value)] |""-9944""=[This element (question or variable) was not presented to user for collection (reason unspecified)]",
covid_test_type,Test Method Target,,int,,,"""1""=[Antibody] |""2""=[Antigen] |""3""=[Nucleic acid/PCR] |""4""=[Nucleic acid/Isothermal] |""5""=[Molecular/host response] |""6""=[Biochemical marker (eg, pH)] |""90""=[Other, Specify] ","""-9999""=[Reason Unknown] |""-9960""=[This information was not provided by the originator (participant or sensor)] |""-9985""=[Data was invalid (wrong format, wrong or unknown units, not parseable, or impossible value)] |""-9944""=[This element (question or variable) was not presented to user for collection (reason unspecified)]",
covid_vaccine,Have you received a COVID-19 vaccine?,,int,,,"""0""=[No] |""1""=[Yes] |""98""=[Prefer not to answer] |""99""=[Don't know] ","""-9999""=[Reason Unknown] |""-9960""=[This information was not provided by the originator (participant or sensor)] |""-9985""=[Data was invalid (wrong format, wrong or unknown units, not parseable, or impossible value)] |""-9944""=[This element (question or variable) was not presented to user for collection (reason unspecified)]",
current_employment_status,"We would like to know about what you do -- are you working now, looking for work, retired, keeping house, a student, or something else?",,int,,,"""1""=[Working now] |""2""=[Only temporarily laid off, sick leave or maternity leave] |""3""=[Looking for work, unemployed] |""4""=[Retired] |""5""=[Disabled, permanently or temporarily] |""6""=[Keeping house] |""7""=[Student] |""96""=[Other (Specify)] |""98""=[Prefer not to answer] |""99""=[Don't know] ","""-9999""=[Reason Unknown] |""-9960""=[This information was not provided by the originator (participant or sensor)] |""-9985""=[Data was invalid (wrong format, wrong or unknown units, not parseable, or impossible value)] |""-9944""=[This element (question or variable) was not presented to user for collection (reason unspecified)]",
edu_years_of_school,What is the highest level of education you have achieved outside or in the United States?  Grades roughly equivalent to years of school.,,int,,,"""0""=[Have never gone to school] |""1""=[5th grade or less] |""2""=[6th to 8th grade] |""3""=[9th to 12th grade, no diploma] |""4""=[High school graduate or GED completed] |""5""=[Some college level/ Technical / Vocational degree] |""6""=[Bachelor's degree] |""7""=[Other advanced degree (Master's, Doctoral degree)] |""98""=[Prefer not to answer] |""99""=[Don't know] ","""-9999""=[Reason Unknown] |""-9960""=[This information was not provided by the originator (participant or sensor)] |""-9985""=[Data was invalid (wrong format, wrong or unknown units, not parseable, or impossible value)] |""-9944""=[This element (question or variable) was not presented to user for collection (reason unspecified)]",
employed_ew,Are you considered an essential worker? An essential worker is someone who was required to go to work even when stay at home orders were in place ,,int,,,"""0""=[No] |""1""=[Yes] |""98""=[Unknown] |""99""=[Prefer not to answer] ","""-9999""=[Reason Unknown] |""-9960""=[This information was not provided by the originator (participant or sensor)] |""-9985""=[Data was invalid (wrong format, wrong or unknown units, not parseable, or impossible value)] |""-9944""=[This element (question or variable) was not presented to user for collection (reason unspecified)]",
employed_healthcare_2,"Would any of these describe where you work? If you work multiple jobs, select the closest match to your main job.",,int,,,"""0""=[No] |""1""=[Nursing care facilities] |""10""=[Construction] |""2""=[Visiting nurse or home health aide service] |""3""=[Building cleaning services] |""4""=[Public transportation] |""5""=[Corrections facility] |""6""=[EMT or paramedic services] |""7""=[Meat packing farm facility] |""8""=[Agriculture and food production facility] |""9""=[Grocery store] |""99""=[Prefer not to answer] ","""-9999""=[Reason Unknown] |""-9960""=[This information was not provided by the originator (participant or sensor)] |""-9985""=[Data was invalid (wrong format, wrong or unknown units, not parseable, or impossible value)] |""-9944""=[This element (question or variable) was not presented to user for collection (reason unspecified)]",
family_income,"In 2019, what was your total household income before taxes?",,int,,,"""1""=[Less than $15,000] |""2""=[$15,000 - $19,999] |""3""=[$20,000 - $24,999] |""4""=[$25,000 - $34,999] |""5""=[$35,000 - $49,999] |""6""=[$50,000 - $74,999] |""7""=[$75,000 - $99,999] |""8""=[$100,000 and above] |""99""=[Prefer not to answer] ","""-9999""=[Reason Unknown] |""-9960""=[This information was not provided by the originator (participant or sensor)] |""-9985""=[Data was invalid (wrong format, wrong or unknown units, not parseable, or impossible value)] |""-9944""=[This element (question or variable) was not presented to user for collection (reason unspecified)]",
flu_vaccine_season_3,Have you received a flu vaccine in the last 12 months?,,int,,,"""0""=[No] |""1""=[Yes] |""98""=[Don't know] |""99""=[Prefer not to answer] ","""-9999""=[Reason Unknown] |""-9960""=[This information was not provided by the originator (participant or sensor)] |""-9985""=[Data was invalid (wrong format, wrong or unknown units, not parseable, or impossible value)] |""-9944""=[This element (question or variable) was not presented to user for collection (reason unspecified)]",
flu_vaccinehistind_2,Have you ever received a flu vaccination?,,int,,,"""0""=[No] |""1""=[Yes] |""98""=[Don't know] |""99""=[Prefer not to answer] ","""-9999""=[Reason Unknown] |""-9960""=[This information was not provided by the originator (participant or sensor)] |""-9985""=[Data was invalid (wrong format, wrong or unknown units, not parseable, or impossible value)] |""-9944""=[This element (question or variable) was not presented to user for collection (reason unspecified)]",
gender_identity_term_2,What terms best express how you describe your gender identity?,,int,,,"""0""=[Man] |""1""=[Woman] |""3""=[Transgender man/Female-to-male (FTM)] |""4""=[Transgender woman/Male-to-female (MTF)] |""5""=[Gender non-binary/Genderqueer/Gender nonconforming] |""6""=[Agender] |""7""=[Bigender] |""8""=[Two-spirit] |""96""=[None of these describe me] |""99""=[Prefer not to answer] ","""-9999""=[Reason Unknown] |""-9960""=[This information was not provided by the originator (participant or sensor)] |""-9985""=[Data was invalid (wrong format, wrong or unknown units, not parseable, or impossible value)] |""-9944""=[This element (question or variable) was not presented to user for collection (reason unspecified)]",
hi_coverage_type,What is the primary kind of health insurance or health care plan that you have now?,,int,,,"""0""=[I do NOT have health insurance] |""1""=[Private (purchased directly or through Employment)] |""2""=[Public (Medicare, Medicaid, Tricare)] |""98""=[Don't know] |""99""=[Prefer not to answer] ","""-9999""=[Reason Unknown] |""-9960""=[This information was not provided by the originator (participant or sensor)] |""-9985""=[Data was invalid (wrong format, wrong or unknown units, not parseable, or impossible value)] |""-9944""=[This element (question or variable) was not presented to user for collection (reason unspecified)]",
hi_loss_covid,Did you lose health coverage because of the COVID-19 pandemic?,,int,,,"""0""=[No] |""1""=[Yes] |""98""=[Prefer not to answer] |""99""=[Don't know] ","""-9999""=[Reason Unknown] |""-9960""=[This information was not provided by the originator (participant or sensor)] |""-9985""=[Data was invalid (wrong format, wrong or unknown units, not parseable, or impossible value)] |""-9944""=[This element (question or variable) was not presented to user for collection (reason unspecified)]",
hlthstat_date_mdy,Date of Health Status Collection,,date,,,,"""-9999""=[Reason Unknown] |""-9960""=[This information was not provided by the originator (participant or sensor)] |""-9985""=[Data was invalid (wrong format, wrong or unknown units, not parseable, or impossible value)] |""-9944""=[This element (question or variable) was not presented to user for collection (reason unspecified)]",
household_congregate_3,Do you live in any of these?,,int,,,"""1""=[A group care setting] |""10""=[Homeless or in no consistent shelter] |""2""=[Nursing home] |""3""=[Residential care facility for people with intellectual and developmental disabilities] |""4""=[A psychiatric treatment facility] |""5""=[A group home] |""6""=[A board and care home] |""7""=[Prison or jail] |""8""=[A halfway house] |""9""=[Foster care] |""90""=[Somewhere else] |""99""=[Prefer not to answer] ","""-9999""=[Reason Unknown] |""-9960""=[This information was not provided by the originator (participant or sensor)] |""-9985""=[Data was invalid (wrong format, wrong or unknown units, not parseable, or impossible value)] |""-9944""=[This element (question or variable) was not presented to user for collection (reason unspecified)]",
household_famgen_3,What best describes the people at your home:,,int,,,"""1""=[Just me] |""2""=[Living with spouse, no kids] |""3""=[Family including kids] |""4""=[Family with 3 generations (parents, children, grandchildren)] |""5""=[Family with 4 generations] |""6""=[Living with roommates] |""90""=[None of these] |""99""=[Prefer not to answer] ","""-9999""=[Reason Unknown] |""-9960""=[This information was not provided by the originator (participant or sensor)] |""-9985""=[Data was invalid (wrong format, wrong or unknown units, not parseable, or impossible value)] |""-9944""=[This element (question or variable) was not presented to user for collection (reason unspecified)]",
household_homeless,"Are you currently living in transitional housing, staying in a shelter, or experiencing homelessness?",,int,,,"""0""=[No] |""1""=[Yes] |""98""=[Prefer not to answer] |""99""=[Don't know] ","""-9999""=[Reason Unknown] |""-9960""=[This information was not provided by the originator (participant or sensor)] |""-9985""=[Data was invalid (wrong format, wrong or unknown units, not parseable, or impossible value)] |""-9944""=[This element (question or variable) was not presented to user for collection (reason unspecified)]",
housing_date_mdy,"Date of Housing, Employment and Insurance Collection",,date,,,,"""-9999""=[Reason Unknown] |""-9960""=[This information was not provided by the originator (participant or sensor)] |""-9985""=[Data was invalid (wrong format, wrong or unknown units, not parseable, or impossible value)] |""-9944""=[This element (question or variable) was not presented to user for collection (reason unspecified)]",
iden_date_mdy,Date of Identity Collection,,date,,,,"""-9999""=[Reason Unknown] |""-9960""=[This information was not provided by the originator (participant or sensor)] |""-9985""=[Data was invalid (wrong format, wrong or unknown units, not parseable, or impossible value)] |""-9944""=[This element (question or variable) was not presented to user for collection (reason unspecified)]",
isolate_maintain_job,"If you were to test positive for COVID-19, would you be able to isolate without losing your job?",,int,,,"""1""=[Yes] |""2""=[No] |""98""=[Don't know] |""99""=[Prefer not to answer] ","""-9999""=[Reason Unknown] |""-9960""=[This information was not provided by the originator (participant or sensor)] |""-9985""=[Data was invalid (wrong format, wrong or unknown units, not parseable, or impossible value)] |""-9944""=[This element (question or variable) was not presented to user for collection (reason unspecified)]",
jobloss_covid19_2,"Have you, or has anyone in your household, experienced a loss of employment income since the start of the COVID-19 pandemic (March 2020)?",,int,,,"""0""=[No] |""1""=[Yes] |""99""=[Prefer not to answer] ","""-9999""=[Reason Unknown] |""-9960""=[This information was not provided by the originator (participant or sensor)] |""-9985""=[Data was invalid (wrong format, wrong or unknown units, not parseable, or impossible value)] |""-9944""=[This element (question or variable) was not presented to user for collection (reason unspecified)]",
language_english,Do you speak a language other than English at home?,,int,,,"""0""=[No] |""1""=[Yes] |""98""=[Prefer not to answer] ","""-9999""=[Reason Unknown] |""-9960""=[This information was not provided by the originator (participant or sensor)] |""-9985""=[Data was invalid (wrong format, wrong or unknown units, not parseable, or impossible value)] |""-9944""=[This element (question or variable) was not presented to user for collection (reason unspecified)]",
language_home___1,What languages are spoken at home?,,bit,,,"""0""=[Spanish] |""1""=[Spanish] ","""-9999""=[Reason Unknown] |""-9960""=[This information was not provided by the originator (participant or sensor)] |""-9985""=[Data was invalid (wrong format, wrong or unknown units, not parseable, or impossible value)] |""-9944""=[This element (question or variable) was not presented to user for collection (reason unspecified)]",
language_home___9,What languages are spoken at home?,,bit,,,"""0""=[English] |""1""=[English] ","""-9999""=[Reason Unknown] |""-9960""=[This information was not provided by the originator (participant or sensor)] |""-9985""=[Data was invalid (wrong format, wrong or unknown units, not parseable, or impossible value)] |""-9944""=[This element (question or variable) was not presented to user for collection (reason unspecified)]",
language_home___90,What languages are spoken at home?,,bit,,,"""0""=[Other] |""1""=[Other] ","""-9999""=[Reason Unknown] |""-9960""=[This information was not provided by the originator (participant or sensor)] |""-9985""=[Data was invalid (wrong format, wrong or unknown units, not parseable, or impossible value)] |""-9944""=[This element (question or variable) was not presented to user for collection (reason unspecified)]",
language_home___99,What languages are spoken at home?,,bit,,,"""0""=[Prefer not to answer] |""1""=[Prefer not to answer] ","""-9999""=[Reason Unknown] |""-9960""=[This information was not provided by the originator (participant or sensor)] |""-9985""=[Data was invalid (wrong format, wrong or unknown units, not parseable, or impossible value)] |""-9944""=[This element (question or variable) was not presented to user for collection (reason unspecified)]",
lifetime_use_alcohol,"In your entire life, have you had at least 1 drink of any kind of alcohol, not counting small tastes or sips?",,int,,,"""0""=[No] |""1""=[Yes] |""99""=[Prefer not to answer] ","""-9999""=[Reason Unknown] |""-9960""=[This information was not provided by the originator (participant or sensor)] |""-9985""=[Data was invalid (wrong format, wrong or unknown units, not parseable, or impossible value)] |""-9944""=[This element (question or variable) was not presented to user for collection (reason unspecified)]",
med_hx_date_mdy,Date of Medical History Collection  MM/DD/YYYY,,date,,,,"""-9999""=[Reason Unknown] |""-9960""=[This information was not provided by the originator (participant or sensor)] |""-9985""=[Data was invalid (wrong format, wrong or unknown units, not parseable, or impossible value)] |""-9944""=[This element (question or variable) was not presented to user for collection (reason unspecified)]",
positivemonth_covidtest_2,What month did you first test positive for COVID-19?,,int,,,"""1""=[January] |""10""=[October] |""11""=[November] |""12""=[December] |""2""=[February] |""3""=[March] |""4""=[April] |""5""=[May] |""6""=[June] |""7""=[July] |""8""=[August] |""9""=[September] |""99""=[Prefer not to answer] ","""-9999""=[Reason Unknown] |""-9960""=[This information was not provided by the originator (participant or sensor)] |""-9985""=[Data was invalid (wrong format, wrong or unknown units, not parseable, or impossible value)] |""-9944""=[This element (question or variable) was not presented to user for collection (reason unspecified)]",
positiveyear_covidtest_3,What year did you first test positive for COVID-19?,,int,,,"""1""=[2019] |""2""=[2020] |""3""=[2021] |""4""=[2022] |""5""=[2023] |""6""=[2024] |""7""=[2025] |""99""=[Prefer not to answer] ","""-9999""=[Reason Unknown] |""-9960""=[This information was not provided by the originator (participant or sensor)] |""-9985""=[Data was invalid (wrong format, wrong or unknown units, not parseable, or impossible value)] |""-9944""=[This element (question or variable) was not presented to user for collection (reason unspecified)]",
pregnancy_status,Are you currently pregnant?,,int,,,"""0""=[Not Pregnant] |""1""=[Pregnant] |""98""=[Don't know] |""99""=[Prefer not to answer] ","""-9999""=[Reason Unknown] |""-9960""=[This information was not provided by the originator (participant or sensor)] |""-9985""=[Data was invalid (wrong format, wrong or unknown units, not parseable, or impossible value)] |""-9944""=[This element (question or variable) was not presented to user for collection (reason unspecified)]",
quarantine_maintain_job,"If you would be exposed to someone with COVID-19, would you be able to quarantine without losing your job? ",,int,,,"""1""=[Yes] |""2""=[No] |""98""=[Don't know] |""99""=[Prefer not to answer] ","""-9999""=[Reason Unknown] |""-9960""=[This information was not provided by the originator (participant or sensor)] |""-9985""=[Data was invalid (wrong format, wrong or unknown units, not parseable, or impossible value)] |""-9944""=[This element (question or variable) was not presented to user for collection (reason unspecified)]",
race_ethn_hispanic,"Are you of Hispanic, Latino, or Spanish origin?",,int,,,"""0""=[No, not of Hispanic, Latino, or Spanish origin] |""1""=[Yes, of Hispanic, Latino, or Spanish origin] |""99""=[Prefer not to answer] ","""-9999""=[Reason Unknown] |""-9960""=[This information was not provided by the originator (participant or sensor)] |""-9985""=[Data was invalid (wrong format, wrong or unknown units, not parseable, or impossible value)] |""-9944""=[This element (question or variable) was not presented to user for collection (reason unspecified)]",
race_ethn_hispanic_detail_2___1,Please specify your origin,,bit,,,"""0""=[Mexican, Mexican Am., Chicano] |""1""=[Mexican, Mexican Am., Chicano] ","""-9999""=[Reason Unknown] |""-9960""=[This information was not provided by the originator (participant or sensor)] |""-9985""=[Data was invalid (wrong format, wrong or unknown units, not parseable, or impossible value)] |""-9944""=[This element (question or variable) was not presented to user for collection (reason unspecified)]",
race_ethn_hispanic_detail_2___2,Please specify your origin,,bit,,,"""0""=[Puerto Rican] |""1""=[Puerto Rican] ","""-9999""=[Reason Unknown] |""-9960""=[This information was not provided by the originator (participant or sensor)] |""-9985""=[Data was invalid (wrong format, wrong or unknown units, not parseable, or impossible value)] |""-9944""=[This element (question or variable) was not presented to user for collection (reason unspecified)]",
race_ethn_hispanic_detail_2___3,Please specify your origin,,bit,,,"""0""=[Cuban] |""1""=[Cuban] ","""-9999""=[Reason Unknown] |""-9960""=[This information was not provided by the originator (participant or sensor)] |""-9985""=[Data was invalid (wrong format, wrong or unknown units, not parseable, or impossible value)] |""-9944""=[This element (question or variable) was not presented to user for collection (reason unspecified)]",
race_ethn_hispanic_detail_2___4,Please specify your origin,,bit,,,"""0""=[Another Hispanic, Latino, or Spanish origin] |""1""=[Another Hispanic, Latino, or Spanish origin] ","""-9999""=[Reason Unknown] |""-9960""=[This information was not provided by the originator (participant or sensor)] |""-9985""=[Data was invalid (wrong format, wrong or unknown units, not parseable, or impossible value)] |""-9944""=[This element (question or variable) was not presented to user for collection (reason unspecified)]",
race_ethn_islander_detail_2___14,,,bit,,,"""0""=[Other Pacific Islander] |""1""=[Other Pacific Islander] ","""-9999""=[Reason Unknown] |""-9960""=[This information was not provided by the originator (participant or sensor)] |""-9985""=[Data was invalid (wrong format, wrong or unknown units, not parseable, or impossible value)] |""-9944""=[This element (question or variable) was not presented to user for collection (reason unspecified)]",
race_ethn_race___1,What is your race?Mark one or more boxes AND print origins.,,bit,,,"""0""=[American Indian or Alaska Native] |""1""=[American Indian or Alaska Native] ","""-9999""=[Reason Unknown] |""-9960""=[This information was not provided by the originator (participant or sensor)] |""-9985""=[Data was invalid (wrong format, wrong or unknown units, not parseable, or impossible value)] |""-9944""=[This element (question or variable) was not presented to user for collection (reason unspecified)]",
race_ethn_race___15,What is your race?Mark one or more boxes AND print origins.,,bit,,,"""0""=[Some other race] |""1""=[Some other race] ","""-9999""=[Reason Unknown] |""-9960""=[This information was not provided by the originator (participant or sensor)] |""-9985""=[Data was invalid (wrong format, wrong or unknown units, not parseable, or impossible value)] |""-9944""=[This element (question or variable) was not presented to user for collection (reason unspecified)]",
race_ethn_race___2,What is your race?Mark one or more boxes AND print origins.,,bit,,,"""0""=[Black or African American] |""1""=[Black or African American] ","""-9999""=[Reason Unknown] |""-9960""=[This information was not provided by the originator (participant or sensor)] |""-9985""=[Data was invalid (wrong format, wrong or unknown units, not parseable, or impossible value)] |""-9944""=[This element (question or variable) was not presented to user for collection (reason unspecified)]",
race_ethn_race___4,What is your race?Mark one or more boxes AND print origins.,,bit,,,"""0""=[Native Hawaiian or Other Pacific Islander] |""1""=[Native Hawaiian or Other Pacific Islander] ","""-9999""=[Reason Unknown] |""-9960""=[This information was not provided by the originator (participant or sensor)] |""-9985""=[Data was invalid (wrong format, wrong or unknown units, not parseable, or impossible value)] |""-9944""=[This element (question or variable) was not presented to user for collection (reason unspecified)]",
race_ethn_race___5,What is your race?Mark one or more boxes AND print origins.,,bit,,,"""0""=[White] |""1""=[White] ","""-9999""=[Reason Unknown] |""-9960""=[This information was not provided by the originator (participant or sensor)] |""-9985""=[Data was invalid (wrong format, wrong or unknown units, not parseable, or impossible value)] |""-9944""=[This element (question or variable) was not presented to user for collection (reason unspecified)]",
race_ethn_race___99,What is your race?Mark one or more boxes AND print origins.,,bit,,,"""0""=[Prefer not to answer] |""1""=[Prefer not to answer] ","""-9999""=[Reason Unknown] |""-9960""=[This information was not provided by the originator (participant or sensor)] |""-9985""=[Data was invalid (wrong format, wrong or unknown units, not parseable, or impossible value)] |""-9944""=[This element (question or variable) was not presented to user for collection (reason unspecified)]",
recentmonth_covidtest_2,What month did you have your most recent COVID-19 test?,,int,,,"""1""=[January] |""10""=[October] |""11""=[November] |""12""=[December] |""2""=[February] |""3""=[March] |""4""=[April] |""5""=[May] |""6""=[June] |""7""=[July] |""8""=[August] |""9""=[September] |""99""=[Prefer not to answer] ","""-9999""=[Reason Unknown] |""-9960""=[This information was not provided by the originator (participant or sensor)] |""-9985""=[Data was invalid (wrong format, wrong or unknown units, not parseable, or impossible value)] |""-9944""=[This element (question or variable) was not presented to user for collection (reason unspecified)]",
recentresult_covidtest,What was the result of your most recent COVID-19 test?,,int,,,"""1""=[Negative] |""2""=[Positive] |""3""=[Never obtained results] |""4""=[Indeterminate] |""98""=[Don't know] |""99""=[Prefer not to answer] ","""-9999""=[Reason Unknown] |""-9960""=[This information was not provided by the originator (participant or sensor)] |""-9985""=[Data was invalid (wrong format, wrong or unknown units, not parseable, or impossible value)] |""-9944""=[This element (question or variable) was not presented to user for collection (reason unspecified)]",
recentyear_covidtest_3,What year did you have your most recent COVID-19 test?,,int,,,"""1""=[2019] |""2""=[2020] |""3""=[2021] |""4""=[2022] |""5""=[2023] |""6""=[2024] |""7""=[2025] |""99""=[Prefer not to answer] ","""-9999""=[Reason Unknown] |""-9960""=[This information was not provided by the originator (participant or sensor)] |""-9985""=[Data was invalid (wrong format, wrong or unknown units, not parseable, or impossible value)] |""-9944""=[This element (question or variable) was not presented to user for collection (reason unspecified)]",
redcap_event_name,REDCap event name used to label longitudinal data,,,,,,"""-9999""=[Reason Unknown] |""-9960""=[This information was not provided by the originator (participant or sensor)] |""-9985""=[Data was invalid (wrong format, wrong or unknown units, not parseable, or impossible value)] |""-9944""=[This element (question or variable) was not presented to user for collection (reason unspecified)]",
redcap_repeat_instance,REDcap repeating instance counter for instruments,,,,,,"""-9999""=[Reason Unknown] |""-9960""=[This information was not provided by the originator (participant or sensor)] |""-9985""=[Data was invalid (wrong format, wrong or unknown units, not parseable, or impossible value)] |""-9944""=[This element (question or variable) was not presented to user for collection (reason unspecified)]",
redcap_repeat_instrument,REDCap instrument that may be repeated,,,,,,"""-9999""=[Reason Unknown] |""-9960""=[This information was not provided by the originator (participant or sensor)] |""-9985""=[Data was invalid (wrong format, wrong or unknown units, not parseable, or impossible value)] |""-9944""=[This element (question or variable) was not presented to user for collection (reason unspecified)]",
self_reported_disability,"Do you have a disability that interferes with your ability to carry out daily activities? Examples of daily activities include walking, climbing stairs, shopping, balancing a checkbook,  bathing or dressing.",,int,,,"""0""=[No] |""1""=[Yes] |""98""=[Prefer not to answer] ","""-9999""=[Reason Unknown] |""-9960""=[This information was not provided by the originator (participant or sensor)] |""-9985""=[Data was invalid (wrong format, wrong or unknown units, not parseable, or impossible value)] |""-9944""=[This element (question or variable) was not presented to user for collection (reason unspecified)]",
self_reported_health_status_assessment,"Would you say your health in general is excellent, very good, good, fair, or poor?",,int,,,"""1""=[Excellent] |""2""=[Very good] |""3""=[Good] |""4""=[Fair] |""5""=[Poor] |""98""=[Don't know] |""99""=[Prefer not to answer] ","""-9999""=[Reason Unknown] |""-9960""=[This information was not provided by the originator (participant or sensor)] |""-9985""=[Data was invalid (wrong format, wrong or unknown units, not parseable, or impossible value)] |""-9944""=[This element (question or variable) was not presented to user for collection (reason unspecified)]",
self_reported_height_coded,How tall are you without shoes? Please choose the units you would like to use for height,,int,,,"""1""=[Feet and inches] |""2""=[Meters and centimeters] |""98""=[Don't know] |""99""=[Prefer not to answer] ","""-9999""=[Reason Unknown] |""-9960""=[This information was not provided by the originator (participant or sensor)] |""-9985""=[Data was invalid (wrong format, wrong or unknown units, not parseable, or impossible value)] |""-9944""=[This element (question or variable) was not presented to user for collection (reason unspecified)]",
self_reported_height_feet,Feet,,int,,,,"""-9999""=[Reason Unknown] |""-9960""=[This information was not provided by the originator (participant or sensor)] |""-9985""=[Data was invalid (wrong format, wrong or unknown units, not parseable, or impossible value)] |""-9944""=[This element (question or variable) was not presented to user for collection (reason unspecified)]",
self_reported_height_inches,Inches,,decimal,,,,"""-9999""=[Reason Unknown] |""-9960""=[This information was not provided by the originator (participant or sensor)] |""-9985""=[Data was invalid (wrong format, wrong or unknown units, not parseable, or impossible value)] |""-9944""=[This element (question or variable) was not presented to user for collection (reason unspecified)]",
self_reported_weight_lbs,"How much do you weigh without clothes or shoes? If you are currently pregnant, how much did you weigh before your pregnancy?",,decimal,,,,"""-9999""=[Reason Unknown] |""-9960""=[This information was not provided by the originator (participant or sensor)] |""-9985""=[Data was invalid (wrong format, wrong or unknown units, not parseable, or impossible value)] |""-9944""=[This element (question or variable) was not presented to user for collection (reason unspecified)]",
self_reported_weight_units_2,Please choose the units you would like to use for weight,,int,,,"""1""=[Kilograms] |""2""=[Pounds] |""99""=[Prefer not to answer] ","""-9999""=[Reason Unknown] |""-9960""=[This information was not provided by the originator (participant or sensor)] |""-9985""=[Data was invalid (wrong format, wrong or unknown units, not parseable, or impossible value)] |""-9944""=[This element (question or variable) was not presented to user for collection (reason unspecified)]",
sex_orient_id,Which of the following best represents how you think of yourself at this time?,,int,,,"""1""=[Gay] |""2""=[Lesbian] |""3""=[Straight; that is, not gay or lesbian, etc.] |""4""=[Bisexual] |""96""=[None of these describe me] |""99""=[Prefer not to answer] ","""-9999""=[Reason Unknown] |""-9960""=[This information was not provided by the originator (participant or sensor)] |""-9985""=[Data was invalid (wrong format, wrong or unknown units, not parseable, or impossible value)] |""-9944""=[This element (question or variable) was not presented to user for collection (reason unspecified)]",
smoker_cur_stat_2,Do you now smoke cigarettes?,,int,,,"""1""=[Not at all] |""2""=[Rarely] |""3""=[Some Days] |""4""=[Every Day] |""98""=[Prefer not to answer] |""99""=[Don't know] ","""-9999""=[Reason Unknown] |""-9960""=[This information was not provided by the originator (participant or sensor)] |""-9985""=[Data was invalid (wrong format, wrong or unknown units, not parseable, or impossible value)] |""-9944""=[This element (question or variable) was not presented to user for collection (reason unspecified)]",
smoker_number,"If you smoke every day, on average, how many cigarettes per day do you smoke? ",,decimal,,,,"""-9999""=[Reason Unknown] |""-9960""=[This information was not provided by the originator (participant or sensor)] |""-9985""=[Data was invalid (wrong format, wrong or unknown units, not parseable, or impossible value)] |""-9944""=[This element (question or variable) was not presented to user for collection (reason unspecified)]",
sociodem_date_mdy,Date of Sociodemographic Data Collection,,date,,,,"""-9999""=[Reason Unknown] |""-9960""=[This information was not provided by the originator (participant or sensor)] |""-9985""=[Data was invalid (wrong format, wrong or unknown units, not parseable, or impossible value)] |""-9944""=[This element (question or variable) was not presented to user for collection (reason unspecified)]",
sym_date_mdy,Date of Symptom Collection,,date,,,,"""-9999""=[Reason Unknown] |""-9960""=[This information was not provided by the originator (participant or sensor)] |""-9985""=[Data was invalid (wrong format, wrong or unknown units, not parseable, or impossible value)] |""-9944""=[This element (question or variable) was not presented to user for collection (reason unspecified)]",
test_accesseasy_2,It is easy to get tested for COVID-19.,,int,,,"""0""=[Strongly disagree] |""1""=[Disagree] |""2""=[Neither disagree or agree] |""3""=[Agree] |""4""=[Strongly agree] |""99""=[Prefer not to answer] ","""-9999""=[Reason Unknown] |""-9960""=[This information was not provided by the originator (participant or sensor)] |""-9985""=[Data was invalid (wrong format, wrong or unknown units, not parseable, or impossible value)] |""-9944""=[This element (question or variable) was not presented to user for collection (reason unspecified)]",
test_accesswhere_2,I know where I can get COVID-19 testing in my community.,,int,,,"""0""=[Strongly disagree] |""1""=[Disagree] |""2""=[Neither disagree or agree] |""3""=[Agree] |""4""=[Strongly agree] |""99""=[Prefer not to answer] ","""-9999""=[Reason Unknown] |""-9960""=[This information was not provided by the originator (participant or sensor)] |""-9985""=[Data was invalid (wrong format, wrong or unknown units, not parseable, or impossible value)] |""-9944""=[This element (question or variable) was not presented to user for collection (reason unspecified)]",
test_date_mdy,Date of Testing Collection,,date,,,,"""-9999""=[Reason Unknown] |""-9960""=[This information was not provided by the originator (participant or sensor)] |""-9985""=[Data was invalid (wrong format, wrong or unknown units, not parseable, or impossible value)] |""-9944""=[This element (question or variable) was not presented to user for collection (reason unspecified)]",
tested_for_covid,Have you ever been tested for COVID-19?,,int,,,"""1""=[Yes] |""2""=[No] |""98""=[Don't know] |""99""=[Prefer not to answer] ","""-9999""=[Reason Unknown] |""-9960""=[This information was not provided by the originator (participant or sensor)] |""-9985""=[Data was invalid (wrong format, wrong or unknown units, not parseable, or impossible value)] |""-9944""=[This element (question or variable) was not presented to user for collection (reason unspecified)]",
tested_positive_for_covid,Have you ever tested positive for COVID-19?,,int,,,"""1""=[Yes] |""2""=[No] |""98""=[Don't know] |""99""=[Prefer not to answer] ","""-9999""=[Reason Unknown] |""-9960""=[This information was not provided by the originator (participant or sensor)] |""-9985""=[Data was invalid (wrong format, wrong or unknown units, not parseable, or impossible value)] |""-9944""=[This element (question or variable) was not presented to user for collection (reason unspecified)]",
vacc_date_mdy,Date of Vaccine Acceptance Collection,,date,,,,"""-9999""=[Reason Unknown] |""-9960""=[This information was not provided by the originator (participant or sensor)] |""-9985""=[Data was invalid (wrong format, wrong or unknown units, not parseable, or impossible value)] |""-9944""=[This element (question or variable) was not presented to user for collection (reason unspecified)]",
vaccine_avail,How likely are you to get an approved COVID-19 vaccine when it becomes available? ,,int,,,"""1""=[Very likely] |""2""=[Fairly likely] |""3""=[Not too likely] |""4""=[Not at all likely] |""5""=[Definitely not] |""97""=[Not applicable] |""98""=[Don't know] |""99""=[Prefer not to answer] ","""-9999""=[Reason Unknown] |""-9960""=[This information was not provided by the originator (participant or sensor)] |""-9985""=[Data was invalid (wrong format, wrong or unknown units, not parseable, or impossible value)] |""-9944""=[This element (question or variable) was not presented to user for collection (reason unspecified)]",
vaccine_concerns_3___1,Why would you NOT get a COVID-19 vaccine? ,,bit,,,"""0""=[I'm allergic to vaccines] |""1""=[I'm allergic to vaccines] ","""-9999""=[Reason Unknown] |""-9960""=[This information was not provided by the originator (participant or sensor)] |""-9985""=[Data was invalid (wrong format, wrong or unknown units, not parseable, or impossible value)] |""-9944""=[This element (question or variable) was not presented to user for collection (reason unspecified)]",
vaccine_concerns_3___10,Why would you NOT get a COVID-19 vaccine? ,,bit,,,"""0""=[Other] |""1""=[Other] ","""-9999""=[Reason Unknown] |""-9960""=[This information was not provided by the originator (participant or sensor)] |""-9985""=[Data was invalid (wrong format, wrong or unknown units, not parseable, or impossible value)] |""-9944""=[This element (question or variable) was not presented to user for collection (reason unspecified)]",
vaccine_concerns_3___2,Why would you NOT get a COVID-19 vaccine? ,,bit,,,"""0""=[I don't like needles] |""1""=[I don't like needles] ","""-9999""=[Reason Unknown] |""-9960""=[This information was not provided by the originator (participant or sensor)] |""-9985""=[Data was invalid (wrong format, wrong or unknown units, not parseable, or impossible value)] |""-9944""=[This element (question or variable) was not presented to user for collection (reason unspecified)]",
vaccine_concerns_3___3,Why would you NOT get a COVID-19 vaccine? ,,bit,,,"""0""=[I'm not concerned about getting really sick from COVID-19] |""1""=[I'm not concerned about getting really sick from COVID-19] ","""-9999""=[Reason Unknown] |""-9960""=[This information was not provided by the originator (participant or sensor)] |""-9985""=[Data was invalid (wrong format, wrong or unknown units, not parseable, or impossible value)] |""-9944""=[This element (question or variable) was not presented to user for collection (reason unspecified)]",
vaccine_concerns_3___4,Why would you NOT get a COVID-19 vaccine? ,,bit,,,"""0""=[I'm concerned about side effects from the vaccine] |""1""=[I'm concerned about side effects from the vaccine] ","""-9999""=[Reason Unknown] |""-9960""=[This information was not provided by the originator (participant or sensor)] |""-9985""=[Data was invalid (wrong format, wrong or unknown units, not parseable, or impossible value)] |""-9944""=[This element (question or variable) was not presented to user for collection (reason unspecified)]",
vaccine_concerns_3___5,Why would you NOT get a COVID-19 vaccine? ,,bit,,,"""0""=[I don't think vaccines work very well] |""1""=[I don't think vaccines work very well] ","""-9999""=[Reason Unknown] |""-9960""=[This information was not provided by the originator (participant or sensor)] |""-9985""=[Data was invalid (wrong format, wrong or unknown units, not parseable, or impossible value)] |""-9944""=[This element (question or variable) was not presented to user for collection (reason unspecified)]",
vaccine_concerns_3___6,Why would you NOT get a COVID-19 vaccine? ,,bit,,,"""0""=[I don't trust that the vaccine will be safe] |""1""=[I don't trust that the vaccine will be safe] ","""-9999""=[Reason Unknown] |""-9960""=[This information was not provided by the originator (participant or sensor)] |""-9985""=[Data was invalid (wrong format, wrong or unknown units, not parseable, or impossible value)] |""-9944""=[This element (question or variable) was not presented to user for collection (reason unspecified)]",
vaccine_concerns_3___7,Why would you NOT get a COVID-19 vaccine? ,,bit,,,"""0""=[I don't believe the COVID-19 pandemic is as bad as some people say it is] |""1""=[I don't believe the COVID-19 pandemic is as bad as some people say it is] ","""-9999""=[Reason Unknown] |""-9960""=[This information was not provided by the originator (participant or sensor)] |""-9985""=[Data was invalid (wrong format, wrong or unknown units, not parseable, or impossible value)] |""-9944""=[This element (question or variable) was not presented to user for collection (reason unspecified)]",
vaccine_concerns_3___8,Why would you NOT get a COVID-19 vaccine? ,,bit,,,"""0""=[I don't want to pay for it] |""1""=[I don't want to pay for it] ","""-9999""=[Reason Unknown] |""-9960""=[This information was not provided by the originator (participant or sensor)] |""-9985""=[Data was invalid (wrong format, wrong or unknown units, not parseable, or impossible value)] |""-9944""=[This element (question or variable) was not presented to user for collection (reason unspecified)]",
vaccine_concerns_3___9,Why would you NOT get a COVID-19 vaccine? ,,bit,,,"""0""=[I don't know enough about how well a COVID-19 vaccine works] |""1""=[I don't know enough about how well a COVID-19 vaccine works] ","""-9999""=[Reason Unknown] |""-9960""=[This information was not provided by the originator (participant or sensor)] |""-9985""=[Data was invalid (wrong format, wrong or unknown units, not parseable, or impossible value)] |""-9944""=[This element (question or variable) was not presented to user for collection (reason unspecified)]",
vaccine_reasons_3___1,Why would you get a COVID-19 vaccine?,,bit,,,"""0""=[I want to keep my family safe] |""1""=[I want to keep my family safe] ","""-9999""=[Reason Unknown] |""-9960""=[This information was not provided by the originator (participant or sensor)] |""-9985""=[Data was invalid (wrong format, wrong or unknown units, not parseable, or impossible value)] |""-9944""=[This element (question or variable) was not presented to user for collection (reason unspecified)]",
vaccine_reasons_3___2,Why would you get a COVID-19 vaccine?,,bit,,,"""0""=[I want to keep my community safe] |""1""=[I want to keep my community safe] ","""-9999""=[Reason Unknown] |""-9960""=[This information was not provided by the originator (participant or sensor)] |""-9985""=[Data was invalid (wrong format, wrong or unknown units, not parseable, or impossible value)] |""-9944""=[This element (question or variable) was not presented to user for collection (reason unspecified)]",
vaccine_reasons_3___3,Why would you get a COVID-19 vaccine?,,bit,,,"""0""=[I want to keep myself safe] |""1""=[I want to keep myself safe] ","""-9999""=[Reason Unknown] |""-9960""=[This information was not provided by the originator (participant or sensor)] |""-9985""=[Data was invalid (wrong format, wrong or unknown units, not parseable, or impossible value)] |""-9944""=[This element (question or variable) was not presented to user for collection (reason unspecified)]",
vaccine_reasons_3___4,Why would you get a COVID-19 vaccine?,,bit,,,"""0""=[I have a chronic health problem, like asthma or diabetes] |""1""=[I have a chronic health problem, like asthma or diabetes] ","""-9999""=[Reason Unknown] |""-9960""=[This information was not provided by the originator (participant or sensor)] |""-9985""=[Data was invalid (wrong format, wrong or unknown units, not parseable, or impossible value)] |""-9944""=[This element (question or variable) was not presented to user for collection (reason unspecified)]",
vaccine_reasons_3___5,Why would you get a COVID-19 vaccine?,,bit,,,"""0""=[My doctor told me to get a COVID-19 vaccine] |""1""=[My doctor told me to get a COVID-19 vaccine] ","""-9999""=[Reason Unknown] |""-9960""=[This information was not provided by the originator (participant or sensor)] |""-9985""=[Data was invalid (wrong format, wrong or unknown units, not parseable, or impossible value)] |""-9944""=[This element (question or variable) was not presented to user for collection (reason unspecified)]",
vaccine_reasons_3___6,Why would you get a COVID-19 vaccine?,,bit,,,"""0""=[I don't want to get really sick from COVID-19] |""1""=[I don't want to get really sick from COVID-19] ","""-9999""=[Reason Unknown] |""-9960""=[This information was not provided by the originator (participant or sensor)] |""-9985""=[Data was invalid (wrong format, wrong or unknown units, not parseable, or impossible value)] |""-9944""=[This element (question or variable) was not presented to user for collection (reason unspecified)]",
vaccine_reasons_3___7,Why would you get a COVID-19 vaccine?,,bit,,,"""0""=[I want to feel safe around other people] |""1""=[I want to feel safe around other people] ","""-9999""=[Reason Unknown] |""-9960""=[This information was not provided by the originator (participant or sensor)] |""-9985""=[Data was invalid (wrong format, wrong or unknown units, not parseable, or impossible value)] |""-9944""=[This element (question or variable) was not presented to user for collection (reason unspecified)]",
vaccine_reasons_3___8,Why would you get a COVID-19 vaccine?,,bit,,,"""0""=[I believe life won't go back to normal until most people get a COVID-19 vaccine] |""1""=[I believe life won't go back to normal until most people get a COVID-19 vaccine] ","""-9999""=[Reason Unknown] |""-9960""=[This information was not provided by the originator (participant or sensor)] |""-9985""=[Data was invalid (wrong format, wrong or unknown units, not parseable, or impossible value)] |""-9944""=[This element (question or variable) was not presented to user for collection (reason unspecified)]",
vaccine_reasons_3___9,Why would you get a COVID-19 vaccine?,,bit,,,"""0""=[Other] |""1""=[Other] ","""-9999""=[Reason Unknown] |""-9960""=[This information was not provided by the originator (participant or sensor)] |""-9985""=[Data was invalid (wrong format, wrong or unknown units, not parseable, or impossible value)] |""-9944""=[This element (question or variable) was not presented to user for collection (reason unspecified)]",
vaper_cur_stat,"Do you now use electronic cigarettes every day, some days, rarely, or not at all? ",,int,,,"""1""=[Not at all] |""2""=[Rarely] |""3""=[Some Days] |""4""=[Every Day] |""98""=[Prefer not to answer] |""99""=[Don't know] ","""-9999""=[Reason Unknown] |""-9960""=[This information was not provided by the originator (participant or sensor)] |""-9985""=[Data was invalid (wrong format, wrong or unknown units, not parseable, or impossible value)] |""-9944""=[This element (question or variable) was not presented to user for collection (reason unspecified)]",
work_closecont_2,Does your work require you to be in close contact (i.e. within 6 ft) with others?,,int,,,"""1""=[Yes, all of the time] |""2""=[Yes, most of the time] |""3""=[Some of the time] |""4""=[Rarely] |""5""=[Not at all] |""99""=[Prefer not to answer] ","""-9999""=[Reason Unknown] |""-9960""=[This information was not provided by the originator (participant or sensor)] |""-9985""=[Data was invalid (wrong format, wrong or unknown units, not parseable, or impossible value)] |""-9944""=[This element (question or variable) was not presented to user for collection (reason unspecified)]",
work_ppe_2,"In your workplace, do you have access to necessary personal protective equipment (PPE)? ",,int,,,"""1""=[Yes, all of the time] |""2""=[Yes, most of the time] |""3""=[Some of the time] |""4""=[Rarely] |""5""=[Not at all] |""6""=[Not applicable] |""99""=[Prefer not to answer] ","""-9999""=[Reason Unknown] |""-9960""=[This information was not provided by the originator (participant or sensor)] |""-9985""=[Data was invalid (wrong format, wrong or unknown units, not parseable, or impossible value)] |""-9944""=[This element (question or variable) was not presented to user for collection (reason unspecified)]",
work_ppe_date_mdy,Date of Work PPE and Distancing Collection,,date,,,,"""-9999""=[Reason Unknown] |""-9960""=[This information was not provided by the originator (participant or sensor)] |""-9985""=[Data was invalid (wrong format, wrong or unknown units, not parseable, or impossible value)] |""-9944""=[This element (question or variable) was not presented to user for collection (reason unspecified)]",
work_wash_2,"In your workplace, do you have access to necessary facilities to wash?",,int,,,"""1""=[Yes, all of the time] |""2""=[Yes, most of the time] |""3""=[Some of the time] |""4""=[Rarely] |""5""=[Not at all] |""99""=[Prefer not to answer] ","""-9999""=[Reason Unknown] |""-9960""=[This information was not provided by the originator (participant or sensor)] |""-9985""=[Data was invalid (wrong format, wrong or unknown units, not parseable, or impossible value)] |""-9944""=[This element (question or variable) was not presented to user for collection (reason unspecified)]",
zip_code,Zip Code,,text,,,,"""-9999""=[Reason Unknown] |""-9960""=[This information was not provided by the originator (participant or sensor)] |""-9985""=[Data was invalid (wrong format, wrong or unknown units, not parseable, or impossible value)] |""-9944""=[This element (question or variable) was not presented to user for collection (reason unspecified)]",
