Id,Label,Datatype,Enumeration,Additional Missing Value Codes,source_file,source_directory
alcohol_date_mdy,Date of Alcohol/Tobacco Use Collection  MM/DD/YYYY,date,,"""-9999""=[Reason Unknown] |""-9960""=[This information was not provided by the originator (participant or sensor)] |""-9985""=[Data was invalid (wrong format, wrong or unknown units, not parseable, or impossible value)] |""-9944""=[This element (question or variable) was not presented to user for collection (reason unspecified)]",20230608_project24_DICT_origcopy_v1.csv,phs002775
alcohol_daysperweek,How often do you have a drink containing alcohol?,int,"""0""=[Never] |""1""=[Monthly or less] |""2""=[2-4 times a month] |""3""=[2-3 times a week] |""4""=[4 or more times a week] |""5""=[Don't know or refuse to answer] ","""-9999""=[Reason Unknown] |""-9960""=[This information was not provided by the originator (participant or sensor)] |""-9985""=[Data was invalid (wrong format, wrong or unknown units, not parseable, or impossible value)] |""-9944""=[This element (question or variable) was not presented to user for collection (reason unspecified)]",20230608_project24_DICT_origcopy_v1.csv,phs002775
consent_given,Is consent required for this study?,int,"""0""=[No] |""1""=[Yes] ","""-9999""=[Reason Unknown] |""-9960""=[This information was not provided by the originator (participant or sensor)] |""-9985""=[Data was invalid (wrong format, wrong or unknown units, not parseable, or impossible value)] |""-9944""=[This element (question or variable) was not presented to user for collection (reason unspecified)]",20230608_project24_DICT_origcopy_v1.csv,phs002775
consentdt_mdy,Date of Consent     MM/DD/YYYY,date,,"""-9999""=[Reason Unknown] |""-9960""=[This information was not provided by the originator (participant or sensor)] |""-9985""=[Data was invalid (wrong format, wrong or unknown units, not parseable, or impossible value)] |""-9944""=[This element (question or variable) was not presented to user for collection (reason unspecified)]",20230608_project24_DICT_origcopy_v1.csv,phs002775
covid_vaccine,Have you received a COVID-19 vaccine?,int,"""0""=[No] |""1""=[Yes] |""98""=[Prefer not to answer] |""99""=[Don't know] ","""-9999""=[Reason Unknown] |""-9960""=[This information was not provided by the originator (participant or sensor)] |""-9985""=[Data was invalid (wrong format, wrong or unknown units, not parseable, or impossible value)] |""-9944""=[This element (question or variable) was not presented to user for collection (reason unspecified)]",20230608_project24_DICT_origcopy_v1.csv,phs002775
data_source,What is the source of these data?,int,"""1""=[Participant Direct Report] |""2""=[Secondary Medical Record Dataset] |""3""=[Mixed] ","""-9999""=[Reason Unknown] |""-9960""=[This information was not provided by the originator (participant or sensor)] |""-9985""=[Data was invalid (wrong format, wrong or unknown units, not parseable, or impossible value)] |""-9944""=[This element (question or variable) was not presented to user for collection (reason unspecified)]",20230608_project24_DICT_origcopy_v1.csv,phs002775
employed_ew,"Are you considered an essential worker? An essential worker is someone who was required to go to work even when stay at home orders were in place ",int,"""0""=[No] |""1""=[Yes] |""98""=[Unknown] |""99""=[Prefer not to answer] ","""-9999""=[Reason Unknown] |""-9960""=[This information was not provided by the originator (participant or sensor)] |""-9985""=[Data was invalid (wrong format, wrong or unknown units, not parseable, or impossible value)] |""-9944""=[This element (question or variable) was not presented to user for collection (reason unspecified)]",20230608_project24_DICT_origcopy_v1.csv,phs002775
family_income,"In 2019, what was your total household income before taxes?",int,"""1""=[Less than $15,000] |""2""=[$15,000 - $19,999] |""3""=[$20,000 - $24,999] |""4""=[$25,000 - $34,999] |""5""=[$35,000 - $49,999] |""6""=[$50,000 - $74,999] |""7""=[$75,000 - $99,999] |""8""=[$100,000 and above] |""99""=[Prefer not to answer] ","""-9999""=[Reason Unknown] |""-9960""=[This information was not provided by the originator (participant or sensor)] |""-9985""=[Data was invalid (wrong format, wrong or unknown units, not parseable, or impossible value)] |""-9944""=[This element (question or variable) was not presented to user for collection (reason unspecified)]",20230608_project24_DICT_origcopy_v1.csv,phs002775
hi_loss_covid,Did you lose health coverage because of the COVID-19 pandemic?,int,"""0""=[No] |""1""=[Yes] |""98""=[Prefer not to answer] |""99""=[Don't know] ","""-9999""=[Reason Unknown] |""-9960""=[This information was not provided by the originator (participant or sensor)] |""-9985""=[Data was invalid (wrong format, wrong or unknown units, not parseable, or impossible value)] |""-9944""=[This element (question or variable) was not presented to user for collection (reason unspecified)]",20230608_project24_DICT_origcopy_v1.csv,phs002775
hlthstat_date_mdy,Date of Health Status Collection,date,,"""-9999""=[Reason Unknown] |""-9960""=[This information was not provided by the originator (participant or sensor)] |""-9985""=[Data was invalid (wrong format, wrong or unknown units, not parseable, or impossible value)] |""-9944""=[This element (question or variable) was not presented to user for collection (reason unspecified)]",20230608_project24_DICT_origcopy_v1.csv,phs002775
household_homeless,"Are you currently living in transitional housing, staying in a shelter, or experiencing homelessness?",int,"""0""=[No] |""1""=[Yes] |""98""=[Prefer not to answer] |""99""=[Don't know] ","""-9999""=[Reason Unknown] |""-9960""=[This information was not provided by the originator (participant or sensor)] |""-9985""=[Data was invalid (wrong format, wrong or unknown units, not parseable, or impossible value)] |""-9944""=[This element (question or variable) was not presented to user for collection (reason unspecified)]",20230608_project24_DICT_origcopy_v1.csv,phs002775
housing_date_mdy,"Date of Housing, Employment and Insurance Collection",date,,"""-9999""=[Reason Unknown] |""-9960""=[This information was not provided by the originator (participant or sensor)] |""-9985""=[Data was invalid (wrong format, wrong or unknown units, not parseable, or impossible value)] |""-9944""=[This element (question or variable) was not presented to user for collection (reason unspecified)]",20230608_project24_DICT_origcopy_v1.csv,phs002775
isolate_maintain_job,"If you were to test positive for COVID-19, would you be able to isolate without losing your job?",int,"""1""=[Yes] |""2""=[No] |""98""=[Don't know] |""99""=[Prefer not to answer] ","""-9999""=[Reason Unknown] |""-9960""=[This information was not provided by the originator (participant or sensor)] |""-9985""=[Data was invalid (wrong format, wrong or unknown units, not parseable, or impossible value)] |""-9944""=[This element (question or variable) was not presented to user for collection (reason unspecified)]",20230608_project24_DICT_origcopy_v1.csv,phs002775
med_hx_date_mdy,Date of Medical History Collection  MM/DD/YYYY,date,,"""-9999""=[Reason Unknown] |""-9960""=[This information was not provided by the originator (participant or sensor)] |""-9985""=[Data was invalid (wrong format, wrong or unknown units, not parseable, or impossible value)] |""-9944""=[This element (question or variable) was not presented to user for collection (reason unspecified)]",20230608_project24_DICT_origcopy_v1.csv,phs002775
quarantine_maintain_job,"If you would be exposed to someone with COVID-19, would you be able to quarantine without losing your job? ",int,"""1""=[Yes] |""2""=[No] |""98""=[Don't know] |""99""=[Prefer not to answer] ","""-9999""=[Reason Unknown] |""-9960""=[This information was not provided by the originator (participant or sensor)] |""-9985""=[Data was invalid (wrong format, wrong or unknown units, not parseable, or impossible value)] |""-9944""=[This element (question or variable) was not presented to user for collection (reason unspecified)]",20230608_project24_DICT_origcopy_v1.csv,phs002775
recentresult_covidtest,What was the result of your most recent COVID-19 test?,int,"""1""=[Negative] |""2""=[Positive] |""3""=[Never obtained results] |""4""=[Indeterminate] |""98""=[Don't know] |""99""=[Prefer not to answer] ","""-9999""=[Reason Unknown] |""-9960""=[This information was not provided by the originator (participant or sensor)] |""-9985""=[Data was invalid (wrong format, wrong or unknown units, not parseable, or impossible value)] |""-9944""=[This element (question or variable) was not presented to user for collection (reason unspecified)]",20230608_project24_DICT_origcopy_v1.csv,phs002775
redcap_event_name,REDCap event name used to label longitudinal data,,,"""-9999""=[Reason Unknown] |""-9960""=[This information was not provided by the originator (participant or sensor)] |""-9985""=[Data was invalid (wrong format, wrong or unknown units, not parseable, or impossible value)] |""-9944""=[This element (question or variable) was not presented to user for collection (reason unspecified)]",20230608_project24_DICT_origcopy_v1.csv,phs002775
redcap_repeat_instance,REDcap repeating instance counter for instruments,,,"""-9999""=[Reason Unknown] |""-9960""=[This information was not provided by the originator (participant or sensor)] |""-9985""=[Data was invalid (wrong format, wrong or unknown units, not parseable, or impossible value)] |""-9944""=[This element (question or variable) was not presented to user for collection (reason unspecified)]",20230608_project24_DICT_origcopy_v1.csv,phs002775
redcap_repeat_instrument,REDCap instrument that may be repeated,,,"""-9999""=[Reason Unknown] |""-9960""=[This information was not provided by the originator (participant or sensor)] |""-9985""=[Data was invalid (wrong format, wrong or unknown units, not parseable, or impossible value)] |""-9944""=[This element (question or variable) was not presented to user for collection (reason unspecified)]",20230608_project24_DICT_origcopy_v1.csv,phs002775
self_reported_height_coded,How tall are you without shoes? Please choose the units you would like to use for height,int,"""1""=[Feet and inches] |""2""=[Meters and centimeters] |""98""=[Don't know] |""99""=[Prefer not to answer] ","""-9999""=[Reason Unknown] |""-9960""=[This information was not provided by the originator (participant or sensor)] |""-9985""=[Data was invalid (wrong format, wrong or unknown units, not parseable, or impossible value)] |""-9944""=[This element (question or variable) was not presented to user for collection (reason unspecified)]",20230608_project24_DICT_origcopy_v1.csv,phs002775
sex_orient_id,Which of the following best represents how you think of yourself at this time?,int,"""1""=[Gay] |""2""=[Lesbian] |""3""=[Straight; that is, not gay or lesbian, etc.] |""4""=[Bisexual] |""96""=[None of these describe me] |""99""=[Prefer not to answer] ","""-9999""=[Reason Unknown] |""-9960""=[This information was not provided by the originator (participant or sensor)] |""-9985""=[Data was invalid (wrong format, wrong or unknown units, not parseable, or impossible value)] |""-9944""=[This element (question or variable) was not presented to user for collection (reason unspecified)]",20230608_project24_DICT_origcopy_v1.csv,phs002775
smoker_number,"If you smoke every day, on average, how many cigarettes per day do you smoke? ",decimal,,"""-9999""=[Reason Unknown] |""-9960""=[This information was not provided by the originator (participant or sensor)] |""-9985""=[Data was invalid (wrong format, wrong or unknown units, not parseable, or impossible value)] |""-9944""=[This element (question or variable) was not presented to user for collection (reason unspecified)]",20230608_project24_DICT_origcopy_v1.csv,phs002775
sociodem_date_mdy,Date of Sociodemographic Data Collection,date,,"""-9999""=[Reason Unknown] |""-9960""=[This information was not provided by the originator (participant or sensor)] |""-9985""=[Data was invalid (wrong format, wrong or unknown units, not parseable, or impossible value)] |""-9944""=[This element (question or variable) was not presented to user for collection (reason unspecified)]",20230608_project24_DICT_origcopy_v1.csv,phs002775
sym_date_mdy,Date of Symptom Collection,date,,"""-9999""=[Reason Unknown] |""-9960""=[This information was not provided by the originator (participant or sensor)] |""-9985""=[Data was invalid (wrong format, wrong or unknown units, not parseable, or impossible value)] |""-9944""=[This element (question or variable) was not presented to user for collection (reason unspecified)]",20230608_project24_DICT_origcopy_v1.csv,phs002775
test_date_mdy,Date of Testing Collection,date,,"""-9999""=[Reason Unknown] |""-9960""=[This information was not provided by the originator (participant or sensor)] |""-9985""=[Data was invalid (wrong format, wrong or unknown units, not parseable, or impossible value)] |""-9944""=[This element (question or variable) was not presented to user for collection (reason unspecified)]",20230608_project24_DICT_origcopy_v1.csv,phs002775
tested_for_covid,Have you ever been tested for COVID-19?,int,"""1""=[Yes] |""2""=[No] |""98""=[Don't know] |""99""=[Prefer not to answer] ","""-9999""=[Reason Unknown] |""-9960""=[This information was not provided by the originator (participant or sensor)] |""-9985""=[Data was invalid (wrong format, wrong or unknown units, not parseable, or impossible value)] |""-9944""=[This element (question or variable) was not presented to user for collection (reason unspecified)]",20230608_project24_DICT_origcopy_v1.csv,phs002775
tested_positive_for_covid,Have you ever tested positive for COVID-19?,int,"""1""=[Yes] |""2""=[No] |""98""=[Don't know] |""99""=[Prefer not to answer] ","""-9999""=[Reason Unknown] |""-9960""=[This information was not provided by the originator (participant or sensor)] |""-9985""=[Data was invalid (wrong format, wrong or unknown units, not parseable, or impossible value)] |""-9944""=[This element (question or variable) was not presented to user for collection (reason unspecified)]",20230608_project24_DICT_origcopy_v1.csv,phs002775
vacc_date_mdy,Date of Vaccine Acceptance Collection,date,,"""-9999""=[Reason Unknown] |""-9960""=[This information was not provided by the originator (participant or sensor)] |""-9985""=[Data was invalid (wrong format, wrong or unknown units, not parseable, or impossible value)] |""-9944""=[This element (question or variable) was not presented to user for collection (reason unspecified)]",20230608_project24_DICT_origcopy_v1.csv,phs002775
work_ppe_date_mdy,Date of Work PPE and Distancing Collection,date,,"""-9999""=[Reason Unknown] |""-9960""=[This information was not provided by the originator (participant or sensor)] |""-9985""=[Data was invalid (wrong format, wrong or unknown units, not parseable, or impossible value)] |""-9944""=[This element (question or variable) was not presented to user for collection (reason unspecified)]",20230608_project24_DICT_origcopy_v1.csv,phs002775
zip_code_3digit,Zip Code (3 digit only),text,,"""-9999""=[Reason Unknown] |""-9960""=[This information was not provided by the originator (participant or sensor)] |""-9985""=[Data was invalid (wrong format, wrong or unknown units, not parseable, or impossible value)] |""-9944""=[This element (question or variable) was not presented to user for collection (reason unspecified)]",20230608_project24_DICT_origcopy_v1.csv,phs002775
cov_pan_chal_hlth,Getting the health care I need (including for mental health),int,"""0""=[No, not a challenge] |""1""=[Yes, a minor challenge] |""2""=[Yes, this is a major challenge] |""99""=[Prefer not to answer] ","""-9999""=[Reason Unknown] |""-9960""=[This information was not provided by the originator (participant or sensor)] |""-9985""=[Data was invalid (wrong format, wrong or unknown units, not parseable, or impossible value)] |""-9944""=[This element (question or variable) was not presented to user for collection (reason unspecified)]",20230608_project24_DICT_origcopy_v1.csv,phs002775
cov_pan_chal_med,Getting the medicine I need,int,"""0""=[No, not a challenge] |""1""=[Yes, a minor challenge] |""2""=[Yes, this is a major challenge] |""99""=[Prefer not to answer] ","""-9999""=[Reason Unknown] |""-9960""=[This information was not provided by the originator (participant or sensor)] |""-9985""=[Data was invalid (wrong format, wrong or unknown units, not parseable, or impossible value)] |""-9944""=[This element (question or variable) was not presented to user for collection (reason unspecified)]",20230608_project24_DICT_origcopy_v1.csv,phs002775
cov_pan_chlng_trans,"Getting to where I need to go ",int,"""0""=[No, not a challenge] |""1""=[Yes, a minor challenge] |""2""=[Yes, this is a major challenge] |""99""=[Prefer not to answer] ","""-9999""=[Reason Unknown] |""-9960""=[This information was not provided by the originator (participant or sensor)] |""-9985""=[Data was invalid (wrong format, wrong or unknown units, not parseable, or impossible value)] |""-9944""=[This element (question or variable) was not presented to user for collection (reason unspecified)]",20230608_project24_DICT_origcopy_v1.csv,phs002775
cov_tst_mthd,"How were you tested for your most recent test? ",int,"""1""=[Nasal Swab] |""2""=[Throat Swab] |""3""=[Blood Sample] |""4""=[Saliva] |""99""=[Prefer not to answer] ","""-9999""=[Reason Unknown] |""-9960""=[This information was not provided by the originator (participant or sensor)] |""-9985""=[Data was invalid (wrong format, wrong or unknown units, not parseable, or impossible value)] |""-9944""=[This element (question or variable) was not presented to user for collection (reason unspecified)]",20230608_project24_DICT_origcopy_v1.csv,phs002775
covid_pandemic_challenges_abod,Having a place to stay/live,int,"""0""=[No, not a challenge] |""1""=[Yes, a minor challenge] |""2""=[Yes, this is a major challenge] |""99""=[Prefer not to answer] ","""-9999""=[Reason Unknown] |""-9960""=[This information was not provided by the originator (participant or sensor)] |""-9985""=[Data was invalid (wrong format, wrong or unknown units, not parseable, or impossible value)] |""-9944""=[This element (question or variable) was not presented to user for collection (reason unspecified)]",20230608_project24_DICT_origcopy_v1.csv,phs002775
covid_pandemic_challenges_food,Getting enough food to eat,int,"""0""=[No, not a challenge] |""1""=[Yes, a minor challenge] |""2""=[Yes, this is a major challenge] |""99""=[Prefer not to answer] ","""-9999""=[Reason Unknown] |""-9960""=[This information was not provided by the originator (participant or sensor)] |""-9985""=[Data was invalid (wrong format, wrong or unknown units, not parseable, or impossible value)] |""-9944""=[This element (question or variable) was not presented to user for collection (reason unspecified)]",20230608_project24_DICT_origcopy_v1.csv,phs002775
covid_pandemic_challenges_wate,Having clean water to drink,int,"""0""=[No, not a challenge] |""1""=[Yes, a minor challenge] |""2""=[Yes, this is a major challenge] |""99""=[Prefer not to answer] ","""-9999""=[Reason Unknown] |""-9960""=[This information was not provided by the originator (participant or sensor)] |""-9985""=[Data was invalid (wrong format, wrong or unknown units, not parseable, or impossible value)] |""-9944""=[This element (question or variable) was not presented to user for collection (reason unspecified)]",20230608_project24_DICT_origcopy_v1.csv,phs002775
employed_healthcare,"Would any of these describe where you work? If you work multiple jobs, select the closest match to your main job.",int,"""0""=[No] |""1""=[Nursing care facilities] |""10""=[Construction] |""2""=[Visiting nurse or home health aide service] |""3""=[Building cleaning services] |""4""=[Public transportation] |""5""=[Corrections facility] |""6""=[EMT or paramedic services] |""7""=[Meat packing farm facility] |""8""=[Agriculture and food production facility] |""9""=[Grocery store] |""99""=[Prefer not to answer] ","""-9999""=[Reason Unknown] |""-9960""=[This information was not provided by the originator (participant or sensor)] |""-9985""=[Data was invalid (wrong format, wrong or unknown units, not parseable, or impossible value)] |""-9944""=[This element (question or variable) was not presented to user for collection (reason unspecified)]",20230608_project24_DICT_origcopy_v1.csv,phs002775
flu_vaccine_season,Have you received a flu vaccine in the last 12 months?,int,"""0""=[No] |""1""=[Yes] |""98""=[Don't know] |""99""=[Prefer not to answer] ","""-9999""=[Reason Unknown] |""-9960""=[This information was not provided by the originator (participant or sensor)] |""-9985""=[Data was invalid (wrong format, wrong or unknown units, not parseable, or impossible value)] |""-9944""=[This element (question or variable) was not presented to user for collection (reason unspecified)]",20230608_project24_DICT_origcopy_v1.csv,phs002775
flu_vaccinehistind,Have you ever received a flu vaccination?,int,"""0""=[No] |""1""=[Yes] |""98""=[Don't know] |""99""=[Prefer not to answer] ","""-9999""=[Reason Unknown] |""-9960""=[This information was not provided by the originator (participant or sensor)] |""-9985""=[Data was invalid (wrong format, wrong or unknown units, not parseable, or impossible value)] |""-9944""=[This element (question or variable) was not presented to user for collection (reason unspecified)]",20230608_project24_DICT_origcopy_v1.csv,phs002775
gender_identity_term,What terms best express how you describe your gender identity?,int,"""0""=[Man] |""1""=[Woman] |""3""=[Transgender man/Female-to-male (FTM)] |""4""=[Transgender woman/Male-to-female (MTF)] |""5""=[Gender non-binary/Genderqueer/Gender nonconforming] |""6""=[Agender] |""7""=[Bigender] |""8""=[Two-spirit] |""96""=[None of these describe me] |""99""=[Prefer not to answer] ","""-9999""=[Reason Unknown] |""-9960""=[This information was not provided by the originator (participant or sensor)] |""-9985""=[Data was invalid (wrong format, wrong or unknown units, not parseable, or impossible value)] |""-9944""=[This element (question or variable) was not presented to user for collection (reason unspecified)]",20230608_project24_DICT_origcopy_v1.csv,phs002775
household_famgen,What best describes the people at your home:,int,"""1""=[Just me] |""2""=[Living with spouse, no kids] |""3""=[Family including kids] |""4""=[Family with 3 generations (parents, children, grandchildren)] |""5""=[Family with 4 generations] |""6""=[Living with roommates] |""90""=[None of these] |""99""=[Prefer not to answer] ","""-9999""=[Reason Unknown] |""-9960""=[This information was not provided by the originator (participant or sensor)] |""-9985""=[Data was invalid (wrong format, wrong or unknown units, not parseable, or impossible value)] |""-9944""=[This element (question or variable) was not presented to user for collection (reason unspecified)]",20230608_project24_DICT_origcopy_v1.csv,phs002775
jobloss_covid19,"Have you, or has anyone in your household, experienced a loss of employment income since the start of the COVID-19 pandemic (March 2020)?",int,"""0""=[No] |""1""=[Yes] |""99""=[Prefer not to answer] ","""-9999""=[Reason Unknown] |""-9960""=[This information was not provided by the originator (participant or sensor)] |""-9985""=[Data was invalid (wrong format, wrong or unknown units, not parseable, or impossible value)] |""-9944""=[This element (question or variable) was not presented to user for collection (reason unspecified)]",20230608_project24_DICT_origcopy_v1.csv,phs002775
language_english,Do you speak a language other than English at home?,int,"""0""=[No] |""1""=[Yes] |""98""=[Prefer not to answer] ","""-9999""=[Reason Unknown] |""-9960""=[This information was not provided by the originator (participant or sensor)] |""-9985""=[Data was invalid (wrong format, wrong or unknown units, not parseable, or impossible value)] |""-9944""=[This element (question or variable) was not presented to user for collection (reason unspecified)]",20230608_project24_DICT_origcopy_v1.csv,phs002775
language_home,What languages are spoken at home?,bit,"""0""=[Spanish] |""1""=[Spanish]  $ ""0""=[Vietnamese] |""1""=[Vietnamese]  $ ""0""=[Mandarin] |""1""=[Mandarin]  $ ""0""=[Cantonese] |""1""=[Cantonese]  $ ""0""=[Tagalog] |""1""=[Tagalog]  $ ""0""=[Hawaiian] |""1""=[Hawaiian]  $ ""0""=[Ilokano] |""1""=[Ilokano]  $ ""0""=[Navajo] |""1""=[Navajo]  $ ""0""=[English] |""1""=[English]  $ ""0""=[Other] |""1""=[Other]  $ ""0""=[Prefer not to answer] |""1""=[Prefer not to answer] ","""-9999""=[Reason Unknown] |""-9960""=[This information was not provided by the originator (participant or sensor)] |""-9985""=[Data was invalid (wrong format, wrong or unknown units, not parseable, or impossible value)] |""-9944""=[This element (question or variable) was not presented to user for collection (reason unspecified)]",20230608_project24_DICT_origcopy_v1.csv,phs002775
positivemonth_covidtest,What month did you first test positive for COVID-19?,int,"""1""=[January] |""10""=[October] |""11""=[November] |""12""=[December] |""2""=[February] |""3""=[March] |""4""=[April] |""5""=[May] |""6""=[June] |""7""=[July] |""8""=[August] |""9""=[September] |""99""=[Prefer not to answer] ","""-9999""=[Reason Unknown] |""-9960""=[This information was not provided by the originator (participant or sensor)] |""-9985""=[Data was invalid (wrong format, wrong or unknown units, not parseable, or impossible value)] |""-9944""=[This element (question or variable) was not presented to user for collection (reason unspecified)]",20230608_project24_DICT_origcopy_v1.csv,phs002775
positiveyear_covidtest,What year did you first test positive for COVID-19?,int,"""1""=[2019] |""2""=[2020] |""3""=[2021] |""4""=[2022] |""5""=[2023] |""6""=[2024] |""7""=[2025] |""99""=[Prefer not to answer] ","""-9999""=[Reason Unknown] |""-9960""=[This information was not provided by the originator (participant or sensor)] |""-9985""=[Data was invalid (wrong format, wrong or unknown units, not parseable, or impossible value)] |""-9944""=[This element (question or variable) was not presented to user for collection (reason unspecified)]",20230608_project24_DICT_origcopy_v1.csv,phs002775
race_ethn_asian_detail_3,,bit,"""0""=[Japanese] |""1""=[Japanese]  $ ""0""=[Filipino] |""1""=[Filipino]  $ ""0""=[Chinese, except Taiwanese] |""1""=[Chinese, except Taiwanese]  $ ""0""=[Korean] |""1""=[Korean] ","""-9999""=[Reason Unknown] |""-9960""=[This information was not provided by the originator (participant or sensor)] |""-9985""=[Data was invalid (wrong format, wrong or unknown units, not parseable, or impossible value)] |""-9944""=[This element (question or variable) was not presented to user for collection (reason unspecified)]",20230608_project24_DICT_origcopy_v1.csv,phs002775
race_ethn_hispanic_detail_2,Please specify your origin,bit,"""0""=[Mexican, Mexican Am., Chicano] |""1""=[Mexican, Mexican Am., Chicano]  $ ""0""=[Puerto Rican] |""1""=[Puerto Rican]  $ ""0""=[Cuban] |""1""=[Cuban]  $ ""0""=[Another Hispanic, Latino, or Spanish origin] |""1""=[Another Hispanic, Latino, or Spanish origin]  $ ""0""=[Salvadoran] |""1""=[Salvadoran]  $ ""0""=[Dominican] |""1""=[Dominican]  $ ""0""=[Colombian] |""1""=[Colombian]  $ ""0""=[Prefer not to answer] |""1""=[Prefer not to answer] ","""-9999""=[Reason Unknown] |""-9960""=[This information was not provided by the originator (participant or sensor)] |""-9985""=[Data was invalid (wrong format, wrong or unknown units, not parseable, or impossible value)] |""-9944""=[This element (question or variable) was not presented to user for collection (reason unspecified)]",20230608_project24_DICT_origcopy_v1.csv,phs002775
race_ethn_islander_detail_2,,bit,"""0""=[Native Hawaiian] |""1""=[Native Hawaiian]  $ ""0""=[Marshallese] |""1""=[Marshallese]  $ ""0""=[Palauan] |""1""=[Palauan]  $ ""0""=[Pohnpeian] |""1""=[Pohnpeian]  $ ""0""=[Yapese] |""1""=[Yapese]  $ ""0""=[Other Pacific Islander] |""1""=[Other Pacific Islander]  $ ""0""=[Pacific Islander] |""1""=[Pacific Islander]  $ ""0""=[Samoan] |""1""=[Samoan]  $ ""0""=[Tongan] |""1""=[Tongan]  $ ""0""=[Maori] |""1""=[Maori]  $ ""0""=[Fijian] |""1""=[Fijian]  $ ""0""=[Chamorro] |""1""=[Chamorro]  $ ""0""=[Chuukese] |""1""=[Chuukese]  $ ""0""=[Kosraen] |""1""=[Kosraen] ","""-9999""=[Reason Unknown] |""-9960""=[This information was not provided by the originator (participant or sensor)] |""-9985""=[Data was invalid (wrong format, wrong or unknown units, not parseable, or impossible value)] |""-9944""=[This element (question or variable) was not presented to user for collection (reason unspecified)]",20230608_project24_DICT_origcopy_v1.csv,phs002775
recentmonth_covidtest,What month did you have your most recent COVID-19 test?,int,"""1""=[January] |""10""=[October] |""11""=[November] |""12""=[December] |""2""=[February] |""3""=[March] |""4""=[April] |""5""=[May] |""6""=[June] |""7""=[July] |""8""=[August] |""9""=[September] |""99""=[Prefer not to answer] ","""-9999""=[Reason Unknown] |""-9960""=[This information was not provided by the originator (participant or sensor)] |""-9985""=[Data was invalid (wrong format, wrong or unknown units, not parseable, or impossible value)] |""-9944""=[This element (question or variable) was not presented to user for collection (reason unspecified)]",20230608_project24_DICT_origcopy_v1.csv,phs002775
recentyear_covidtest,What year did you have your most recent COVID-19 test?,int,"""1""=[2019] |""2""=[2020] |""3""=[2021] |""4""=[2022] |""5""=[2023] |""6""=[2024] |""7""=[2025] |""99""=[Prefer not to answer] ","""-9999""=[Reason Unknown] |""-9960""=[This information was not provided by the originator (participant or sensor)] |""-9985""=[Data was invalid (wrong format, wrong or unknown units, not parseable, or impossible value)] |""-9944""=[This element (question or variable) was not presented to user for collection (reason unspecified)]",20230608_project24_DICT_origcopy_v1.csv,phs002775
self_reported_weight_units,Please choose the units you would like to use for weight,int,"""1""=[Kilograms] |""2""=[Pounds] |""99""=[Prefer not to answer] ","""-9999""=[Reason Unknown] |""-9960""=[This information was not provided by the originator (participant or sensor)] |""-9985""=[Data was invalid (wrong format, wrong or unknown units, not parseable, or impossible value)] |""-9944""=[This element (question or variable) was not presented to user for collection (reason unspecified)]",20230608_project24_DICT_origcopy_v1.csv,phs002775
test_accesseasy,It is easy to get tested for COVID-19.,int,"""0""=[Strongly disagree] |""1""=[Disagree] |""2""=[Neither disagree or agree] |""3""=[Agree] |""4""=[Strongly agree] |""99""=[Prefer not to answer] ","""-9999""=[Reason Unknown] |""-9960""=[This information was not provided by the originator (participant or sensor)] |""-9985""=[Data was invalid (wrong format, wrong or unknown units, not parseable, or impossible value)] |""-9944""=[This element (question or variable) was not presented to user for collection (reason unspecified)]",20230608_project24_DICT_origcopy_v1.csv,phs002775
test_accesswhere,I know where I can get COVID-19 testing in my community.,int,"""0""=[Strongly disagree] |""1""=[Disagree] |""2""=[Neither disagree or agree] |""3""=[Agree] |""4""=[Strongly agree] |""99""=[Prefer not to answer] ","""-9999""=[Reason Unknown] |""-9960""=[This information was not provided by the originator (participant or sensor)] |""-9985""=[Data was invalid (wrong format, wrong or unknown units, not parseable, or impossible value)] |""-9944""=[This element (question or variable) was not presented to user for collection (reason unspecified)]",20230608_project24_DICT_origcopy_v1.csv,phs002775
vaccine_concerns_3,"Why would you NOT get a COVID-19 vaccine? ",bit,"""0""=[I'm allergic to vaccines] |""1""=[I'm allergic to vaccines]  $ ""0""=[Other] |""1""=[Other]  $ ""0""=[I don't like needles] |""1""=[I don't like needles]  $ ""0""=[I'm not concerned about getting really sick from COVID-19] |""1""=[I'm not concerned about getting really sick from COVID-19]  $ ""0""=[I'm concerned about side effects from the vaccine] |""1""=[I'm concerned about side effects from the vaccine]  $ ""0""=[I don't think vaccines work very well] |""1""=[I don't think vaccines work very well]  $ ""0""=[I don't trust that the vaccine will be safe] |""1""=[I don't trust that the vaccine will be safe]  $ ""0""=[I don't believe the COVID-19 pandemic is as bad as some people say it is] |""1""=[I don't believe the COVID-19 pandemic is as bad as some people say it is]  $ ""0""=[I don't want to pay for it] |""1""=[I don't want to pay for it]  $ ""0""=[I don't know enough about how well a COVID-19 vaccine works] |""1""=[I don't know enough about how well a COVID-19 vaccine works] ","""-9999""=[Reason Unknown] |""-9960""=[This information was not provided by the originator (participant or sensor)] |""-9985""=[Data was invalid (wrong format, wrong or unknown units, not parseable, or impossible value)] |""-9944""=[This element (question or variable) was not presented to user for collection (reason unspecified)]",20230608_project24_DICT_origcopy_v1.csv,phs002775
vaccine_reasons_3,Why would you get a COVID-19 vaccine?,bit,"""0""=[I want to keep my family safe] |""1""=[I want to keep my family safe]  $ ""0""=[I want to keep my community safe] |""1""=[I want to keep my community safe]  $ ""0""=[I want to keep myself safe] |""1""=[I want to keep myself safe]  $ ""0""=[I have a chronic health problem, like asthma or diabetes] |""1""=[I have a chronic health problem, like asthma or diabetes]  $ ""0""=[My doctor told me to get a COVID-19 vaccine] |""1""=[My doctor told me to get a COVID-19 vaccine]  $ ""0""=[I don't want to get really sick from COVID-19] |""1""=[I don't want to get really sick from COVID-19]  $ ""0""=[I want to feel safe around other people] |""1""=[I want to feel safe around other people]  $ ""0""=[I believe life won't go back to normal until most people get a COVID-19 vaccine] |""1""=[I believe life won't go back to normal until most people get a COVID-19 vaccine]  $ ""0""=[Other] |""1""=[Other] ","""-9999""=[Reason Unknown] |""-9960""=[This information was not provided by the originator (participant or sensor)] |""-9985""=[Data was invalid (wrong format, wrong or unknown units, not parseable, or impossible value)] |""-9944""=[This element (question or variable) was not presented to user for collection (reason unspecified)]",20230608_project24_DICT_origcopy_v1.csv,phs002775
work_closecont,Does your work require you to be in close contact (i.e. within 6 ft) with others?,int,"""1""=[Yes, all of the time] |""2""=[Yes, most of the time] |""3""=[Some of the time] |""4""=[Rarely] |""5""=[Not at all] |""99""=[Prefer not to answer] ","""-9999""=[Reason Unknown] |""-9960""=[This information was not provided by the originator (participant or sensor)] |""-9985""=[Data was invalid (wrong format, wrong or unknown units, not parseable, or impossible value)] |""-9944""=[This element (question or variable) was not presented to user for collection (reason unspecified)]",20230608_project24_DICT_origcopy_v1.csv,phs002775
work_ppe,"In your workplace, do you have access to necessary personal protective equipment (PPE)? ",int,"""1""=[Yes, all of the time] |""2""=[Yes, most of the time] |""3""=[Some of the time] |""4""=[Rarely] |""5""=[Not at all] |""6""=[Not applicable] |""99""=[Prefer not to answer] ","""-9999""=[Reason Unknown] |""-9960""=[This information was not provided by the originator (participant or sensor)] |""-9985""=[Data was invalid (wrong format, wrong or unknown units, not parseable, or impossible value)] |""-9944""=[This element (question or variable) was not presented to user for collection (reason unspecified)]",20230608_project24_DICT_origcopy_v1.csv,phs002775
work_wash,"In your workplace, do you have access to necessary facilities to wash?",int,"""1""=[Yes, all of the time] |""2""=[Yes, most of the time] |""3""=[Some of the time] |""4""=[Rarely] |""5""=[Not at all] |""99""=[Prefer not to answer] ","""-9999""=[Reason Unknown] |""-9960""=[This information was not provided by the originator (participant or sensor)] |""-9985""=[Data was invalid (wrong format, wrong or unknown units, not parseable, or impossible value)] |""-9944""=[This element (question or variable) was not presented to user for collection (reason unspecified)]",20230608_project24_DICT_origcopy_v1.csv,phs002775
