Id,Label,Terms,Datatype,pattern,Unit,Enumeration,Additional Missing Value Codes,source_file,source_directory
alcohol_date_mdy,Date of Alcohol/Tobacco Use Collection  MM/DD/YYYY,,date,,,,"""-9999""=[Reason Unknown] |""-9960""=[This information was not provided by the originator (participant or sensor)] |""-9985""=[Data was invalid (wrong format, wrong or unknown units, not parseable, or impossible value)] |""-9944""=[This element (question or variable) was not presented to user for collection (reason unspecified)]",20230607_project16_DICT_transformcopy_v1.csv,phs002743
alcohol_drinksperday,How many drinks containing alcohol do you have on a typical daywhen you are drinking?,,int,,,"""0""=[1 or 2] |""1""=[3 or 4] |""2""=[5 or 6] |""3""=[7, 8 or 9] |""4""=[10 or more] |""5""=[Prefer not to answer] ","""-9999""=[Reason Unknown] |""-9960""=[This information was not provided by the originator (participant or sensor)] |""-9985""=[Data was invalid (wrong format, wrong or unknown units, not parseable, or impossible value)] |""-9944""=[This element (question or variable) was not presented to user for collection (reason unspecified)]",20230607_project16_DICT_transformcopy_v1.csv,phs002743
cocaine_use_2,Cocaine or crack,,int,,,"""1""=[Daily or almost daily] |""2""=[About once or twice per week] |""3""=[About once per month] |""4""=[Rarely (less than once per month)] |""5""=[Never] |""99""=[Prefer not to answer] ","""-9999""=[Reason Unknown] |""-9960""=[This information was not provided by the originator (participant or sensor)] |""-9985""=[Data was invalid (wrong format, wrong or unknown units, not parseable, or impossible value)] |""-9944""=[This element (question or variable) was not presented to user for collection (reason unspecified)]",20230607_project16_DICT_transformcopy_v1.csv,phs002743
consent_given,Is consent required for this study?,,int,,,"""0""=[No] |""1""=[Yes] ","""-9999""=[Reason Unknown] |""-9960""=[This information was not provided by the originator (participant or sensor)] |""-9985""=[Data was invalid (wrong format, wrong or unknown units, not parseable, or impossible value)] |""-9944""=[This element (question or variable) was not presented to user for collection (reason unspecified)]",20230607_project16_DICT_transformcopy_v1.csv,phs002743
consent_recontact,I agree to be contacted for future research.,,int,,,"""0""=[No] |""1""=[Yes] ","""-9999""=[Reason Unknown] |""-9960""=[This information was not provided by the originator (participant or sensor)] |""-9985""=[Data was invalid (wrong format, wrong or unknown units, not parseable, or impossible value)] |""-9944""=[This element (question or variable) was not presented to user for collection (reason unspecified)]",20230607_project16_DICT_transformcopy_v1.csv,phs002743
consent_zip_2,I agree to let the Duke Clinical Research Institute collect my zip code.,,int,,,"""0""=[No] |""1""=[Yes] ","""-9999""=[Reason Unknown] |""-9960""=[This information was not provided by the originator (participant or sensor)] |""-9985""=[Data was invalid (wrong format, wrong or unknown units, not parseable, or impossible value)] |""-9944""=[This element (question or variable) was not presented to user for collection (reason unspecified)]",20230607_project16_DICT_transformcopy_v1.csv,phs002743
consentdt_mdy,Date of Consent     MM/DD/YYYY,,date,,,,"""-9999""=[Reason Unknown] |""-9960""=[This information was not provided by the originator (participant or sensor)] |""-9985""=[Data was invalid (wrong format, wrong or unknown units, not parseable, or impossible value)] |""-9944""=[This element (question or variable) was not presented to user for collection (reason unspecified)]",20230607_project16_DICT_transformcopy_v1.csv,phs002743
cov_pan_chal_hlth_2,Getting the health care I need (including for mental health),,int,,,"""0""=[No, not a challenge] |""1""=[Yes, a minor challenge] |""2""=[Yes, this is a major challenge] |""99""=[Prefer not to answer] ","""-9999""=[Reason Unknown] |""-9960""=[This information was not provided by the originator (participant or sensor)] |""-9985""=[Data was invalid (wrong format, wrong or unknown units, not parseable, or impossible value)] |""-9944""=[This element (question or variable) was not presented to user for collection (reason unspecified)]",20230607_project16_DICT_transformcopy_v1.csv,phs002743
cov_pan_chal_med_2,Getting the medicine I need,,int,,,"""0""=[No, not a challenge] |""1""=[Yes, a minor challenge] |""2""=[Yes, this is a major challenge] |""99""=[Prefer not to answer] ","""-9999""=[Reason Unknown] |""-9960""=[This information was not provided by the originator (participant or sensor)] |""-9985""=[Data was invalid (wrong format, wrong or unknown units, not parseable, or impossible value)] |""-9944""=[This element (question or variable) was not presented to user for collection (reason unspecified)]",20230607_project16_DICT_transformcopy_v1.csv,phs002743
cov_pan_chlng_trans_2,"Getting to where I need to go ",,int,,,"""0""=[No, not a challenge] |""1""=[Yes, a minor challenge] |""2""=[Yes, this is a major challenge] |""99""=[Prefer not to answer] ","""-9999""=[Reason Unknown] |""-9960""=[This information was not provided by the originator (participant or sensor)] |""-9985""=[Data was invalid (wrong format, wrong or unknown units, not parseable, or impossible value)] |""-9944""=[This element (question or variable) was not presented to user for collection (reason unspecified)]",20230607_project16_DICT_transformcopy_v1.csv,phs002743
cov_tst_mthd_2,"How were you tested for your most recent test? ",,int,,,"""1""=[Nasal Swab] |""2""=[Throat Swab] |""3""=[Blood Sample] |""4""=[Saliva] |""99""=[Prefer not to answer] ","""-9999""=[Reason Unknown] |""-9960""=[This information was not provided by the originator (participant or sensor)] |""-9985""=[Data was invalid (wrong format, wrong or unknown units, not parseable, or impossible value)] |""-9944""=[This element (question or variable) was not presented to user for collection (reason unspecified)]",20230607_project16_DICT_transformcopy_v1.csv,phs002743
covid_pandemic_challenges_abod_2,Having a place to stay/live,,int,,,"""0""=[No, not a challenge] |""1""=[Yes, a minor challenge] |""2""=[Yes, this is a major challenge] |""99""=[Prefer not to answer] ","""-9999""=[Reason Unknown] |""-9960""=[This information was not provided by the originator (participant or sensor)] |""-9985""=[Data was invalid (wrong format, wrong or unknown units, not parseable, or impossible value)] |""-9944""=[This element (question or variable) was not presented to user for collection (reason unspecified)]",20230607_project16_DICT_transformcopy_v1.csv,phs002743
covid_pandemic_challenges_food_2,Getting enough food to eat,,int,,,"""0""=[No, not a challenge] |""1""=[Yes, a minor challenge] |""2""=[Yes, this is a major challenge] |""99""=[Prefer not to answer] ","""-9999""=[Reason Unknown] |""-9960""=[This information was not provided by the originator (participant or sensor)] |""-9985""=[Data was invalid (wrong format, wrong or unknown units, not parseable, or impossible value)] |""-9944""=[This element (question or variable) was not presented to user for collection (reason unspecified)]",20230607_project16_DICT_transformcopy_v1.csv,phs002743
covid_pandemic_challenges_wate_2,Having clean water to drink,,int,,,"""0""=[No, not a challenge] |""1""=[Yes, a minor challenge] |""2""=[Yes, this is a major challenge] |""99""=[Prefer not to answer] ","""-9999""=[Reason Unknown] |""-9960""=[This information was not provided by the originator (participant or sensor)] |""-9985""=[Data was invalid (wrong format, wrong or unknown units, not parseable, or impossible value)] |""-9944""=[This element (question or variable) was not presented to user for collection (reason unspecified)]",20230607_project16_DICT_transformcopy_v1.csv,phs002743
covid_vaccine,Have you received a COVID-19 vaccine?,,int,,,"""0""=[No] |""1""=[Yes] |""98""=[Prefer not to answer] |""99""=[Don't know] ","""-9999""=[Reason Unknown] |""-9960""=[This information was not provided by the originator (participant or sensor)] |""-9985""=[Data was invalid (wrong format, wrong or unknown units, not parseable, or impossible value)] |""-9944""=[This element (question or variable) was not presented to user for collection (reason unspecified)]",20230607_project16_DICT_transformcopy_v1.csv,phs002743
covid_vaccine_course,Have you completed the COVID-19 vaccination course? MostCOVID-19 vaccines require two shots.,,int,,,"""0""=[No] |""1""=[Yes] |""98""=[Prefer not to answer] |""99""=[Don't know] ","""-9999""=[Reason Unknown] |""-9960""=[This information was not provided by the originator (participant or sensor)] |""-9985""=[Data was invalid (wrong format, wrong or unknown units, not parseable, or impossible value)] |""-9944""=[This element (question or variable) was not presented to user for collection (reason unspecified)]",20230607_project16_DICT_transformcopy_v1.csv,phs002743
disability_date_mdy,Date of Disability Collection  MM/DD/YYYY,,date,,,,"""-9999""=[Reason Unknown] |""-9960""=[This information was not provided by the originator (participant or sensor)] |""-9985""=[Data was invalid (wrong format, wrong or unknown units, not parseable, or impossible value)] |""-9944""=[This element (question or variable) was not presented to user for collection (reason unspecified)]",20230607_project16_DICT_transformcopy_v1.csv,phs002743
drg_date_mdy,Date of Drug Use Collection,,date,,,,"""-9999""=[Reason Unknown] |""-9960""=[This information was not provided by the originator (participant or sensor)] |""-9985""=[Data was invalid (wrong format, wrong or unknown units, not parseable, or impossible value)] |""-9944""=[This element (question or variable) was not presented to user for collection (reason unspecified)]",20230607_project16_DICT_transformcopy_v1.csv,phs002743
ecstasy_use,Ecstasy,,int,,,"""1""=[Daily or almost daily] |""2""=[About once or twice per week] |""3""=[About once per month] |""4""=[Rarely (less than once per month)] |""5""=[Never] ","""-9999""=[Reason Unknown] |""-9960""=[This information was not provided by the originator (participant or sensor)] |""-9985""=[Data was invalid (wrong format, wrong or unknown units, not parseable, or impossible value)] |""-9944""=[This element (question or variable) was not presented to user for collection (reason unspecified)]",20230607_project16_DICT_transformcopy_v1.csv,phs002743
employed_ew,"Are you considered an essential worker? An essential worker is someone who was required to go to work even when stay at home orders were in place ",,int,,,"""0""=[No] |""1""=[Yes] |""98""=[Unknown] |""99""=[Prefer not to answer] ","""-9999""=[Reason Unknown] |""-9960""=[This information was not provided by the originator (participant or sensor)] |""-9985""=[Data was invalid (wrong format, wrong or unknown units, not parseable, or impossible value)] |""-9944""=[This element (question or variable) was not presented to user for collection (reason unspecified)]",20230607_project16_DICT_transformcopy_v1.csv,phs002743
employed_healthcare_2,"Would any of these describe where you work? If you work multiple jobs, select the closest match to your main job.",,int,,,"""0""=[No] |""1""=[Nursing care facilities] |""10""=[Construction] |""2""=[Visiting nurse or home health aide service] |""3""=[Building cleaning services] |""4""=[Public transportation] |""5""=[Corrections facility] |""6""=[EMT or paramedic services] |""7""=[Meat packing farm facility] |""8""=[Agriculture and food production facility] |""9""=[Grocery store] |""99""=[Prefer not to answer] ","""-9999""=[Reason Unknown] |""-9960""=[This information was not provided by the originator (participant or sensor)] |""-9985""=[Data was invalid (wrong format, wrong or unknown units, not parseable, or impossible value)] |""-9944""=[This element (question or variable) was not presented to user for collection (reason unspecified)]",20230607_project16_DICT_transformcopy_v1.csv,phs002743
family_income,"In 2019, what was your total household income before taxes?",,int,,,"""1""=[Less than $15,000] |""2""=[$15,000 - $19,999] |""3""=[$20,000 - $24,999] |""4""=[$25,000 - $34,999] |""5""=[$35,000 - $49,999] |""6""=[$50,000 - $74,999] |""7""=[$75,000 - $99,999] |""8""=[$100,000 and above] |""99""=[Prefer not to answer] ","""-9999""=[Reason Unknown] |""-9960""=[This information was not provided by the originator (participant or sensor)] |""-9985""=[Data was invalid (wrong format, wrong or unknown units, not parseable, or impossible value)] |""-9944""=[This element (question or variable) was not presented to user for collection (reason unspecified)]",20230607_project16_DICT_transformcopy_v1.csv,phs002743
fi_afford_balanced_meals,"The second statement is,(I/we) couldn't afford to eat balanced meals."""" Was that often, sometimes, or never true for (you/your household) in the last 12 months?",,int,,,"""1""=[Often true] |""2""=[Sometimes true] |""3""=[Never true] |""98""=[Don't know] |""99""=[Prefer not to answer] ","""-9999""=[Reason Unknown] |""-9960""=[This information was not provided by the originator (participant or sensor)] |""-9985""=[Data was invalid (wrong format, wrong or unknown units, not parseable, or impossible value)] |""-9944""=[This element (question or variable) was not presented to user for collection (reason unspecified)]",20230607_project16_DICT_transformcopy_v1.csv,phs002743
fi_change_diet,"In the last 12 months, since (date 12 months ago) did (you/you or other adults in your household) ever cut the size of your meals or skip meals because there wasn't enough money for food?",,int,,,"""1""=[Yes] |""2""=[No] |""98""=[Don't know] |""99""=[Prefer not to answer] ","""-9999""=[Reason Unknown] |""-9960""=[This information was not provided by the originator (participant or sensor)] |""-9985""=[Data was invalid (wrong format, wrong or unknown units, not parseable, or impossible value)] |""-9944""=[This element (question or variable) was not presented to user for collection (reason unspecified)]",20230607_project16_DICT_transformcopy_v1.csv,phs002743
fi_change_diet_frequency,"How often did this happen - almost every month, some months but not every month, or in only 1 or 2 months?",,int,,,"""1""=[Almost every month] |""2""=[Some months but not every month] |""3""=[Only 1 or 2 months] |""98""=[Don't know] |""99""=[Prefer not to answer] ","""-9999""=[Reason Unknown] |""-9960""=[This information was not provided by the originator (participant or sensor)] |""-9985""=[Data was invalid (wrong format, wrong or unknown units, not parseable, or impossible value)] |""-9944""=[This element (question or variable) was not presented to user for collection (reason unspecified)]",20230607_project16_DICT_transformcopy_v1.csv,phs002743
fi_eat_less,"In the last 12 months, did you ever eat less than you felt you should because there wasn't enough money to buy food?",,int,,,"""1""=[Yes] |""2""=[No] |""98""=[Don't know] |""99""=[Prefer not to answer] ","""-9999""=[Reason Unknown] |""-9960""=[This information was not provided by the originator (participant or sensor)] |""-9985""=[Data was invalid (wrong format, wrong or unknown units, not parseable, or impossible value)] |""-9944""=[This element (question or variable) was not presented to user for collection (reason unspecified)]",20230607_project16_DICT_transformcopy_v1.csv,phs002743
fi_food_money_frequency,"The first statement is,The food that (I/we) bought just didn't last, and (I/we) didn't have money to get more.Was that often, sometimes, or never true for (you/your household) in the last 12 months?",,int,,,"""1""=[Often true] |""2""=[Sometimes true] |""3""=[Never true] |""98""=[Don't know] |""99""=[Prefer not to answer] ","""-9999""=[Reason Unknown] |""-9960""=[This information was not provided by the originator (participant or sensor)] |""-9985""=[Data was invalid (wrong format, wrong or unknown units, not parseable, or impossible value)] |""-9944""=[This element (question or variable) was not presented to user for collection (reason unspecified)]",20230607_project16_DICT_transformcopy_v1.csv,phs002743
fi_high_quality_2,The fresh fruits and vegetables in my neighborhood are of high quality,,int,,,"""1""=[Completely agree] |""2""=[Somewhat agree] |""3""=[Neutral/no opinion] |""4""=[Somewhat disagree] |""5""=[Strongly disagree] |""98""=[Don't know] |""99""=[Prefer not to answer] ","""-9999""=[Reason Unknown] |""-9960""=[This information was not provided by the originator (participant or sensor)] |""-9985""=[Data was invalid (wrong format, wrong or unknown units, not parseable, or impossible value)] |""-9944""=[This element (question or variable) was not presented to user for collection (reason unspecified)]",20230607_project16_DICT_transformcopy_v1.csv,phs002743
fi_hungry,"In the last 12 months, were you ever hungry but didn't eat because you couldn't afford enough food?",,int,,,"""1""=[Yes] |""2""=[No] |""98""=[Don't know] |""99""=[Prefer not to answer] ","""-9999""=[Reason Unknown] |""-9960""=[This information was not provided by the originator (participant or sensor)] |""-9985""=[Data was invalid (wrong format, wrong or unknown units, not parseable, or impossible value)] |""-9944""=[This element (question or variable) was not presented to user for collection (reason unspecified)]",20230607_project16_DICT_transformcopy_v1.csv,phs002743
flu_vaccine_season_3,Have you received a flu vaccine in the last 12 months?,,int,,,"""0""=[No] |""1""=[Yes] |""98""=[Don't know] |""99""=[Prefer not to answer] ","""-9999""=[Reason Unknown] |""-9960""=[This information was not provided by the originator (participant or sensor)] |""-9985""=[Data was invalid (wrong format, wrong or unknown units, not parseable, or impossible value)] |""-9944""=[This element (question or variable) was not presented to user for collection (reason unspecified)]",20230607_project16_DICT_transformcopy_v1.csv,phs002743
flu_vaccinehistind_2,Have you ever received a flu vaccination?,,int,,,"""0""=[No] |""1""=[Yes] |""98""=[Don't know] |""99""=[Prefer not to answer] ","""-9999""=[Reason Unknown] |""-9960""=[This information was not provided by the originator (participant or sensor)] |""-9985""=[Data was invalid (wrong format, wrong or unknown units, not parseable, or impossible value)] |""-9944""=[This element (question or variable) was not presented to user for collection (reason unspecified)]",20230607_project16_DICT_transformcopy_v1.csv,phs002743
gender_identity_term_2,What terms best express how you describe your gender identity?,,int,,,"""0""=[Man] |""1""=[Woman] |""3""=[Transgender man/Female-to-male (FTM)] |""4""=[Transgender woman/Male-to-female (MTF)] |""5""=[Gender non-binary/Genderqueer/Gender nonconforming] |""6""=[Agender] |""7""=[Bigender] |""8""=[Two-spirit] |""96""=[None of these describe me] |""99""=[Prefer not to answer] ","""-9999""=[Reason Unknown] |""-9960""=[This information was not provided by the originator (participant or sensor)] |""-9985""=[Data was invalid (wrong format, wrong or unknown units, not parseable, or impossible value)] |""-9944""=[This element (question or variable) was not presented to user for collection (reason unspecified)]",20230607_project16_DICT_transformcopy_v1.csv,phs002743
hallu_use_2,"Hallucinogens (like LSD, psilocybin, PCP, ketamine)",,int,,,"""1""=[Daily or almost daily] |""2""=[About once or twice per week] |""3""=[About once per month] |""4""=[Rarely (less than once per month)] |""5""=[Never] |""99""=[Prefer not to answer] ","""-9999""=[Reason Unknown] |""-9960""=[This information was not provided by the originator (participant or sensor)] |""-9985""=[Data was invalid (wrong format, wrong or unknown units, not parseable, or impossible value)] |""-9944""=[This element (question or variable) was not presented to user for collection (reason unspecified)]",20230607_project16_DICT_transformcopy_v1.csv,phs002743
heroin_use_2,Heroin,,int,,,"""1""=[Daily or almost daily] |""2""=[About once or twice per week] |""3""=[About once per month] |""4""=[Rarely (less than once per month)] |""5""=[Never] |""99""=[Prefer not to answer] ","""-9999""=[Reason Unknown] |""-9960""=[This information was not provided by the originator (participant or sensor)] |""-9985""=[Data was invalid (wrong format, wrong or unknown units, not parseable, or impossible value)] |""-9944""=[This element (question or variable) was not presented to user for collection (reason unspecified)]",20230607_project16_DICT_transformcopy_v1.csv,phs002743
hi_loss_covid,Did you lose health coverage because of the COVID-19 pandemic?,,int,,,"""0""=[No] |""1""=[Yes] |""98""=[Prefer not to answer] |""99""=[Don't know] ","""-9999""=[Reason Unknown] |""-9960""=[This information was not provided by the originator (participant or sensor)] |""-9985""=[Data was invalid (wrong format, wrong or unknown units, not parseable, or impossible value)] |""-9944""=[This element (question or variable) was not presented to user for collection (reason unspecified)]",20230607_project16_DICT_transformcopy_v1.csv,phs002743
hlthstat_date_mdy,Date of Health Status Collection,,date,,,,"""-9999""=[Reason Unknown] |""-9960""=[This information was not provided by the originator (participant or sensor)] |""-9985""=[Data was invalid (wrong format, wrong or unknown units, not parseable, or impossible value)] |""-9944""=[This element (question or variable) was not presented to user for collection (reason unspecified)]",20230607_project16_DICT_transformcopy_v1.csv,phs002743
household_famgen_3,What best describes the people at your home:,,int,,,"""1""=[Just me] |""2""=[Living with spouse, no kids] |""3""=[Family including kids] |""4""=[Family with 3 generations (parents, children, grandchildren)] |""5""=[Family with 4 generations] |""6""=[Living with roommates] |""90""=[None of these] |""99""=[Prefer not to answer] ","""-9999""=[Reason Unknown] |""-9960""=[This information was not provided by the originator (participant or sensor)] |""-9985""=[Data was invalid (wrong format, wrong or unknown units, not parseable, or impossible value)] |""-9944""=[This element (question or variable) was not presented to user for collection (reason unspecified)]",20230607_project16_DICT_transformcopy_v1.csv,phs002743
household_homeless,"Are you currently living in transitional housing, staying in a shelter, or experiencing homelessness?",,int,,,"""0""=[No] |""1""=[Yes] |""98""=[Prefer not to answer] |""99""=[Don't know] ","""-9999""=[Reason Unknown] |""-9960""=[This information was not provided by the originator (participant or sensor)] |""-9985""=[Data was invalid (wrong format, wrong or unknown units, not parseable, or impossible value)] |""-9944""=[This element (question or variable) was not presented to user for collection (reason unspecified)]",20230607_project16_DICT_transformcopy_v1.csv,phs002743
housing_concerns,Are you worried or concerned that in the next two months you may NOT have a place to stay?,,int,,,"""0""=[No] |""1""=[Yes] |""98""=[Prefer not to answer] |""99""=[Don't know] ","""-9999""=[Reason Unknown] |""-9960""=[This information was not provided by the originator (participant or sensor)] |""-9985""=[Data was invalid (wrong format, wrong or unknown units, not parseable, or impossible value)] |""-9944""=[This element (question or variable) was not presented to user for collection (reason unspecified)]",20230607_project16_DICT_transformcopy_v1.csv,phs002743
housing_date_mdy,"Date of Housing, Employment and Insurance Collection",,date,,,,"""-9999""=[Reason Unknown] |""-9960""=[This information was not provided by the originator (participant or sensor)] |""-9985""=[Data was invalid (wrong format, wrong or unknown units, not parseable, or impossible value)] |""-9944""=[This element (question or variable) was not presented to user for collection (reason unspecified)]",20230607_project16_DICT_transformcopy_v1.csv,phs002743
idrug_use_2,"In the past 12 months, have you used any of the following drugs: cocaine or crack, heroin, crystal meth (methamphetamine), hallucinogens (like LSD, psilocybin, PCP, ketamine), ecstasy? ",,int,,,"""0""=[No] |""1""=[Yes] |""99""=[Prefer not to answer] ","""-9999""=[Reason Unknown] |""-9960""=[This information was not provided by the originator (participant or sensor)] |""-9985""=[Data was invalid (wrong format, wrong or unknown units, not parseable, or impossible value)] |""-9944""=[This element (question or variable) was not presented to user for collection (reason unspecified)]",20230607_project16_DICT_transformcopy_v1.csv,phs002743
isolate_maintain_job,"If you were to test positive for COVID-19, would you be able to isolate without losing your job?",,int,,,"""1""=[Yes] |""2""=[No] |""98""=[Don't know] |""99""=[Prefer not to answer] ","""-9999""=[Reason Unknown] |""-9960""=[This information was not provided by the originator (participant or sensor)] |""-9985""=[Data was invalid (wrong format, wrong or unknown units, not parseable, or impossible value)] |""-9944""=[This element (question or variable) was not presented to user for collection (reason unspecified)]",20230607_project16_DICT_transformcopy_v1.csv,phs002743
language_english,Do you speak a language other than English at home?,,int,,,"""0""=[No] |""1""=[Yes] |""98""=[Prefer not to answer] ","""-9999""=[Reason Unknown] |""-9960""=[This information was not provided by the originator (participant or sensor)] |""-9985""=[Data was invalid (wrong format, wrong or unknown units, not parseable, or impossible value)] |""-9944""=[This element (question or variable) was not presented to user for collection (reason unspecified)]",20230607_project16_DICT_transformcopy_v1.csv,phs002743
language_home___1,What languages are spoken at home?,,bit,,,"""0""=[Spanish] |""1""=[Spanish] ","""-9999""=[Reason Unknown] |""-9960""=[This information was not provided by the originator (participant or sensor)] |""-9985""=[Data was invalid (wrong format, wrong or unknown units, not parseable, or impossible value)] |""-9944""=[This element (question or variable) was not presented to user for collection (reason unspecified)]",20230607_project16_DICT_transformcopy_v1.csv,phs002743
language_home___2,What languages are spoken at home?,,bit,,,"""0""=[Vietnamese] |""1""=[Vietnamese] ","""-9999""=[Reason Unknown] |""-9960""=[This information was not provided by the originator (participant or sensor)] |""-9985""=[Data was invalid (wrong format, wrong or unknown units, not parseable, or impossible value)] |""-9944""=[This element (question or variable) was not presented to user for collection (reason unspecified)]",20230607_project16_DICT_transformcopy_v1.csv,phs002743
language_home___3,What languages are spoken at home?,,bit,,,"""0""=[Mandarin] |""1""=[Mandarin] ","""-9999""=[Reason Unknown] |""-9960""=[This information was not provided by the originator (participant or sensor)] |""-9985""=[Data was invalid (wrong format, wrong or unknown units, not parseable, or impossible value)] |""-9944""=[This element (question or variable) was not presented to user for collection (reason unspecified)]",20230607_project16_DICT_transformcopy_v1.csv,phs002743
language_home___4,What languages are spoken at home?,,bit,,,"""0""=[Cantonese] |""1""=[Cantonese] ","""-9999""=[Reason Unknown] |""-9960""=[This information was not provided by the originator (participant or sensor)] |""-9985""=[Data was invalid (wrong format, wrong or unknown units, not parseable, or impossible value)] |""-9944""=[This element (question or variable) was not presented to user for collection (reason unspecified)]",20230607_project16_DICT_transformcopy_v1.csv,phs002743
language_home___5,What languages are spoken at home?,,bit,,,"""0""=[Tagalog] |""1""=[Tagalog] ","""-9999""=[Reason Unknown] |""-9960""=[This information was not provided by the originator (participant or sensor)] |""-9985""=[Data was invalid (wrong format, wrong or unknown units, not parseable, or impossible value)] |""-9944""=[This element (question or variable) was not presented to user for collection (reason unspecified)]",20230607_project16_DICT_transformcopy_v1.csv,phs002743
language_home___6,What languages are spoken at home?,,bit,,,"""0""=[Hawaiian] |""1""=[Hawaiian] ","""-9999""=[Reason Unknown] |""-9960""=[This information was not provided by the originator (participant or sensor)] |""-9985""=[Data was invalid (wrong format, wrong or unknown units, not parseable, or impossible value)] |""-9944""=[This element (question or variable) was not presented to user for collection (reason unspecified)]",20230607_project16_DICT_transformcopy_v1.csv,phs002743
language_home___7,What languages are spoken at home?,,bit,,,"""0""=[Ilokano] |""1""=[Ilokano] ","""-9999""=[Reason Unknown] |""-9960""=[This information was not provided by the originator (participant or sensor)] |""-9985""=[Data was invalid (wrong format, wrong or unknown units, not parseable, or impossible value)] |""-9944""=[This element (question or variable) was not presented to user for collection (reason unspecified)]",20230607_project16_DICT_transformcopy_v1.csv,phs002743
language_home___8,What languages are spoken at home?,,bit,,,"""0""=[Navajo] |""1""=[Navajo] ","""-9999""=[Reason Unknown] |""-9960""=[This information was not provided by the originator (participant or sensor)] |""-9985""=[Data was invalid (wrong format, wrong or unknown units, not parseable, or impossible value)] |""-9944""=[This element (question or variable) was not presented to user for collection (reason unspecified)]",20230607_project16_DICT_transformcopy_v1.csv,phs002743
language_home___9,What languages are spoken at home?,,bit,,,"""0""=[English] |""1""=[English] ","""-9999""=[Reason Unknown] |""-9960""=[This information was not provided by the originator (participant or sensor)] |""-9985""=[Data was invalid (wrong format, wrong or unknown units, not parseable, or impossible value)] |""-9944""=[This element (question or variable) was not presented to user for collection (reason unspecified)]",20230607_project16_DICT_transformcopy_v1.csv,phs002743
language_home___90,What languages are spoken at home?,,bit,,,"""0""=[Other] |""1""=[Other] ","""-9999""=[Reason Unknown] |""-9960""=[This information was not provided by the originator (participant or sensor)] |""-9985""=[Data was invalid (wrong format, wrong or unknown units, not parseable, or impossible value)] |""-9944""=[This element (question or variable) was not presented to user for collection (reason unspecified)]",20230607_project16_DICT_transformcopy_v1.csv,phs002743
language_home___99,What languages are spoken at home?,,bit,,,"""0""=[Prefer not to answer] |""1""=[Prefer not to answer] ","""-9999""=[Reason Unknown] |""-9960""=[This information was not provided by the originator (participant or sensor)] |""-9985""=[Data was invalid (wrong format, wrong or unknown units, not parseable, or impossible value)] |""-9944""=[This element (question or variable) was not presented to user for collection (reason unspecified)]",20230607_project16_DICT_transformcopy_v1.csv,phs002743
mari_use_2,"Have you used marijuana in the past 12 months? ",,int,,,"""0""=[No] |""1""=[Yes] |""99""=[Prefer not to answer] ","""-9999""=[Reason Unknown] |""-9960""=[This information was not provided by the originator (participant or sensor)] |""-9985""=[Data was invalid (wrong format, wrong or unknown units, not parseable, or impossible value)] |""-9944""=[This element (question or variable) was not presented to user for collection (reason unspecified)]",20230607_project16_DICT_transformcopy_v1.csv,phs002743
mari_use_smk_2,"If you have used marijuana in the past 12 months, have often have you smoked it?",,int,,,"""1""=[Daily or almost daily] |""2""=[About once or twice per week] |""3""=[About once per month] |""4""=[Rarely (less than once per month)] |""5""=[Never] |""99""=[Prefer not to answer] ","""-9999""=[Reason Unknown] |""-9960""=[This information was not provided by the originator (participant or sensor)] |""-9985""=[Data was invalid (wrong format, wrong or unknown units, not parseable, or impossible value)] |""-9944""=[This element (question or variable) was not presented to user for collection (reason unspecified)]",20230607_project16_DICT_transformcopy_v1.csv,phs002743
mari_use_vap_2,"If you have used marijuana in the past 12 months, have often have you vaped it?",,int,,,"""1""=[Daily or almost daily] |""2""=[About once or twice per week] |""3""=[About once per month] |""4""=[Rarely (less than once per month)] |""5""=[Never] |""99""=[Prefer not to answer] ","""-9999""=[Reason Unknown] |""-9960""=[This information was not provided by the originator (participant or sensor)] |""-9985""=[Data was invalid (wrong format, wrong or unknown units, not parseable, or impossible value)] |""-9944""=[This element (question or variable) was not presented to user for collection (reason unspecified)]",20230607_project16_DICT_transformcopy_v1.csv,phs002743
med_hx_date_mdy,Date of Medical History Collection  MM/DD/YYYY,,date,,,,"""-9999""=[Reason Unknown] |""-9960""=[This information was not provided by the originator (participant or sensor)] |""-9985""=[Data was invalid (wrong format, wrong or unknown units, not parseable, or impossible value)] |""-9944""=[This element (question or variable) was not presented to user for collection (reason unspecified)]",20230607_project16_DICT_transformcopy_v1.csv,phs002743
meth_use_2,Crystal meth (methamphetamine),,int,,,"""1""=[Daily or almost daily] |""2""=[About once or twice per week] |""3""=[About once per month] |""4""=[Rarely (less than once per month)] |""5""=[Never] |""99""=[Prefer not to answer] ","""-9999""=[Reason Unknown] |""-9960""=[This information was not provided by the originator (participant or sensor)] |""-9985""=[Data was invalid (wrong format, wrong or unknown units, not parseable, or impossible value)] |""-9944""=[This element (question or variable) was not presented to user for collection (reason unspecified)]",20230607_project16_DICT_transformcopy_v1.csv,phs002743
pdrg_use_2,"In the past 12 months, have often have you used prescription drugs just for the feeling, more than prescribed, or that were not prescribed for you? ",,int,,,"""1""=[Daily or almost daily] |""2""=[About once or twice per week] |""3""=[About once per month] |""4""=[Rarely (less than once per month)] |""5""=[Never] |""99""=[Prefer not to answer] ","""-9999""=[Reason Unknown] |""-9960""=[This information was not provided by the originator (participant or sensor)] |""-9985""=[Data was invalid (wrong format, wrong or unknown units, not parseable, or impossible value)] |""-9944""=[This element (question or variable) was not presented to user for collection (reason unspecified)]",20230607_project16_DICT_transformcopy_v1.csv,phs002743
positivemonth_covidtest_2,What month did you first test positive for COVID-19?,,int,,,"""1""=[January] |""10""=[October] |""11""=[November] |""12""=[December] |""2""=[February] |""3""=[March] |""4""=[April] |""5""=[May] |""6""=[June] |""7""=[July] |""8""=[August] |""9""=[September] |""99""=[Prefer not to answer] ","""-9999""=[Reason Unknown] |""-9960""=[This information was not provided by the originator (participant or sensor)] |""-9985""=[Data was invalid (wrong format, wrong or unknown units, not parseable, or impossible value)] |""-9944""=[This element (question or variable) was not presented to user for collection (reason unspecified)]",20230607_project16_DICT_transformcopy_v1.csv,phs002743
positiveyear_covidtest_3,What year did you first test positive for COVID-19?,,int,,,"""1""=[2019] |""2""=[2020] |""3""=[2021] |""4""=[2022] |""5""=[2023] |""6""=[2024] |""7""=[2025] |""99""=[Prefer not to answer] ","""-9999""=[Reason Unknown] |""-9960""=[This information was not provided by the originator (participant or sensor)] |""-9985""=[Data was invalid (wrong format, wrong or unknown units, not parseable, or impossible value)] |""-9944""=[This element (question or variable) was not presented to user for collection (reason unspecified)]",20230607_project16_DICT_transformcopy_v1.csv,phs002743
quarantine_maintain_job,"If you would be exposed to someone with COVID-19, would you be able to quarantine without losing your job? ",,int,,,"""1""=[Yes] |""2""=[No] |""98""=[Don't know] |""99""=[Prefer not to answer] ","""-9999""=[Reason Unknown] |""-9960""=[This information was not provided by the originator (participant or sensor)] |""-9985""=[Data was invalid (wrong format, wrong or unknown units, not parseable, or impossible value)] |""-9944""=[This element (question or variable) was not presented to user for collection (reason unspecified)]",20230607_project16_DICT_transformcopy_v1.csv,phs002743
race_ethn_asian_detail_3___1,,,bit,,,"""0""=[Japanese] |""1""=[Japanese] ","""-9999""=[Reason Unknown] |""-9960""=[This information was not provided by the originator (participant or sensor)] |""-9985""=[Data was invalid (wrong format, wrong or unknown units, not parseable, or impossible value)] |""-9944""=[This element (question or variable) was not presented to user for collection (reason unspecified)]",20230607_project16_DICT_transformcopy_v1.csv,phs002743
race_ethn_asian_detail_3___2,,,bit,,,"""0""=[Filipino] |""1""=[Filipino] ","""-9999""=[Reason Unknown] |""-9960""=[This information was not provided by the originator (participant or sensor)] |""-9985""=[Data was invalid (wrong format, wrong or unknown units, not parseable, or impossible value)] |""-9944""=[This element (question or variable) was not presented to user for collection (reason unspecified)]",20230607_project16_DICT_transformcopy_v1.csv,phs002743
race_ethn_asian_detail_3___3,,,bit,,,"""0""=[Chinese, except Taiwanese] |""1""=[Chinese, except Taiwanese] ","""-9999""=[Reason Unknown] |""-9960""=[This information was not provided by the originator (participant or sensor)] |""-9985""=[Data was invalid (wrong format, wrong or unknown units, not parseable, or impossible value)] |""-9944""=[This element (question or variable) was not presented to user for collection (reason unspecified)]",20230607_project16_DICT_transformcopy_v1.csv,phs002743
race_ethn_asian_detail_3___4,,,bit,,,"""0""=[Korean] |""1""=[Korean] ","""-9999""=[Reason Unknown] |""-9960""=[This information was not provided by the originator (participant or sensor)] |""-9985""=[Data was invalid (wrong format, wrong or unknown units, not parseable, or impossible value)] |""-9944""=[This element (question or variable) was not presented to user for collection (reason unspecified)]",20230607_project16_DICT_transformcopy_v1.csv,phs002743
race_ethn_asian_detail_3___5,,,bit,,,"""0""=[Other Asian] |""1""=[Other Asian] ","""-9999""=[Reason Unknown] |""-9960""=[This information was not provided by the originator (participant or sensor)] |""-9985""=[Data was invalid (wrong format, wrong or unknown units, not parseable, or impossible value)] |""-9944""=[This element (question or variable) was not presented to user for collection (reason unspecified)]",20230607_project16_DICT_transformcopy_v1.csv,phs002743
race_ethn_hispanic_detail_2___1,Please specify your origin,,bit,,,"""0""=[Mexican, Mexican Am., Chicano] |""1""=[Mexican, Mexican Am., Chicano] ","""-9999""=[Reason Unknown] |""-9960""=[This information was not provided by the originator (participant or sensor)] |""-9985""=[Data was invalid (wrong format, wrong or unknown units, not parseable, or impossible value)] |""-9944""=[This element (question or variable) was not presented to user for collection (reason unspecified)]",20230607_project16_DICT_transformcopy_v1.csv,phs002743
race_ethn_hispanic_detail_2___2,Please specify your origin,,bit,,,"""0""=[Puerto Rican] |""1""=[Puerto Rican] ","""-9999""=[Reason Unknown] |""-9960""=[This information was not provided by the originator (participant or sensor)] |""-9985""=[Data was invalid (wrong format, wrong or unknown units, not parseable, or impossible value)] |""-9944""=[This element (question or variable) was not presented to user for collection (reason unspecified)]",20230607_project16_DICT_transformcopy_v1.csv,phs002743
race_ethn_hispanic_detail_2___3,Please specify your origin,,bit,,,"""0""=[Cuban] |""1""=[Cuban] ","""-9999""=[Reason Unknown] |""-9960""=[This information was not provided by the originator (participant or sensor)] |""-9985""=[Data was invalid (wrong format, wrong or unknown units, not parseable, or impossible value)] |""-9944""=[This element (question or variable) was not presented to user for collection (reason unspecified)]",20230607_project16_DICT_transformcopy_v1.csv,phs002743
race_ethn_hispanic_detail_2___4,Please specify your origin,,bit,,,"""0""=[Another Hispanic, Latino, or Spanish origin] |""1""=[Another Hispanic, Latino, or Spanish origin] ","""-9999""=[Reason Unknown] |""-9960""=[This information was not provided by the originator (participant or sensor)] |""-9985""=[Data was invalid (wrong format, wrong or unknown units, not parseable, or impossible value)] |""-9944""=[This element (question or variable) was not presented to user for collection (reason unspecified)]",20230607_project16_DICT_transformcopy_v1.csv,phs002743
race_ethn_islander_detail_2___1,,,bit,,,"""0""=[Native Hawaiian] |""1""=[Native Hawaiian] ","""-9999""=[Reason Unknown] |""-9960""=[This information was not provided by the originator (participant or sensor)] |""-9985""=[Data was invalid (wrong format, wrong or unknown units, not parseable, or impossible value)] |""-9944""=[This element (question or variable) was not presented to user for collection (reason unspecified)]",20230607_project16_DICT_transformcopy_v1.csv,phs002743
race_ethn_islander_detail_2___10,,,bit,,,"""0""=[Marshallese] |""1""=[Marshallese] ","""-9999""=[Reason Unknown] |""-9960""=[This information was not provided by the originator (participant or sensor)] |""-9985""=[Data was invalid (wrong format, wrong or unknown units, not parseable, or impossible value)] |""-9944""=[This element (question or variable) was not presented to user for collection (reason unspecified)]",20230607_project16_DICT_transformcopy_v1.csv,phs002743
race_ethn_islander_detail_2___11,,,bit,,,"""0""=[Palauan] |""1""=[Palauan] ","""-9999""=[Reason Unknown] |""-9960""=[This information was not provided by the originator (participant or sensor)] |""-9985""=[Data was invalid (wrong format, wrong or unknown units, not parseable, or impossible value)] |""-9944""=[This element (question or variable) was not presented to user for collection (reason unspecified)]",20230607_project16_DICT_transformcopy_v1.csv,phs002743
race_ethn_islander_detail_2___12,,,bit,,,"""0""=[Pohnpeian] |""1""=[Pohnpeian] ","""-9999""=[Reason Unknown] |""-9960""=[This information was not provided by the originator (participant or sensor)] |""-9985""=[Data was invalid (wrong format, wrong or unknown units, not parseable, or impossible value)] |""-9944""=[This element (question or variable) was not presented to user for collection (reason unspecified)]",20230607_project16_DICT_transformcopy_v1.csv,phs002743
race_ethn_islander_detail_2___13,,,bit,,,"""0""=[Yapese] |""1""=[Yapese] ","""-9999""=[Reason Unknown] |""-9960""=[This information was not provided by the originator (participant or sensor)] |""-9985""=[Data was invalid (wrong format, wrong or unknown units, not parseable, or impossible value)] |""-9944""=[This element (question or variable) was not presented to user for collection (reason unspecified)]",20230607_project16_DICT_transformcopy_v1.csv,phs002743
race_ethn_islander_detail_2___14,,,bit,,,"""0""=[Other Pacific Islander] |""1""=[Other Pacific Islander] ","""-9999""=[Reason Unknown] |""-9960""=[This information was not provided by the originator (participant or sensor)] |""-9985""=[Data was invalid (wrong format, wrong or unknown units, not parseable, or impossible value)] |""-9944""=[This element (question or variable) was not presented to user for collection (reason unspecified)]",20230607_project16_DICT_transformcopy_v1.csv,phs002743
race_ethn_islander_detail_2___2,,,bit,,,"""0""=[Pacific Islander] |""1""=[Pacific Islander] ","""-9999""=[Reason Unknown] |""-9960""=[This information was not provided by the originator (participant or sensor)] |""-9985""=[Data was invalid (wrong format, wrong or unknown units, not parseable, or impossible value)] |""-9944""=[This element (question or variable) was not presented to user for collection (reason unspecified)]",20230607_project16_DICT_transformcopy_v1.csv,phs002743
race_ethn_islander_detail_2___3,,,bit,,,"""0""=[Samoan] |""1""=[Samoan] ","""-9999""=[Reason Unknown] |""-9960""=[This information was not provided by the originator (participant or sensor)] |""-9985""=[Data was invalid (wrong format, wrong or unknown units, not parseable, or impossible value)] |""-9944""=[This element (question or variable) was not presented to user for collection (reason unspecified)]",20230607_project16_DICT_transformcopy_v1.csv,phs002743
race_ethn_islander_detail_2___4,,,bit,,,"""0""=[Tongan] |""1""=[Tongan] ","""-9999""=[Reason Unknown] |""-9960""=[This information was not provided by the originator (participant or sensor)] |""-9985""=[Data was invalid (wrong format, wrong or unknown units, not parseable, or impossible value)] |""-9944""=[This element (question or variable) was not presented to user for collection (reason unspecified)]",20230607_project16_DICT_transformcopy_v1.csv,phs002743
race_ethn_islander_detail_2___5,,,bit,,,"""0""=[Maori] |""1""=[Maori] ","""-9999""=[Reason Unknown] |""-9960""=[This information was not provided by the originator (participant or sensor)] |""-9985""=[Data was invalid (wrong format, wrong or unknown units, not parseable, or impossible value)] |""-9944""=[This element (question or variable) was not presented to user for collection (reason unspecified)]",20230607_project16_DICT_transformcopy_v1.csv,phs002743
race_ethn_islander_detail_2___6,,,bit,,,"""0""=[Fijian] |""1""=[Fijian] ","""-9999""=[Reason Unknown] |""-9960""=[This information was not provided by the originator (participant or sensor)] |""-9985""=[Data was invalid (wrong format, wrong or unknown units, not parseable, or impossible value)] |""-9944""=[This element (question or variable) was not presented to user for collection (reason unspecified)]",20230607_project16_DICT_transformcopy_v1.csv,phs002743
race_ethn_islander_detail_2___7,,,bit,,,"""0""=[Chamorro] |""1""=[Chamorro] ","""-9999""=[Reason Unknown] |""-9960""=[This information was not provided by the originator (participant or sensor)] |""-9985""=[Data was invalid (wrong format, wrong or unknown units, not parseable, or impossible value)] |""-9944""=[This element (question or variable) was not presented to user for collection (reason unspecified)]",20230607_project16_DICT_transformcopy_v1.csv,phs002743
race_ethn_islander_detail_2___8,,,bit,,,"""0""=[Chuukese] |""1""=[Chuukese] ","""-9999""=[Reason Unknown] |""-9960""=[This information was not provided by the originator (participant or sensor)] |""-9985""=[Data was invalid (wrong format, wrong or unknown units, not parseable, or impossible value)] |""-9944""=[This element (question or variable) was not presented to user for collection (reason unspecified)]",20230607_project16_DICT_transformcopy_v1.csv,phs002743
race_ethn_islander_detail_2___9,,,bit,,,"""0""=[Kosraen] |""1""=[Kosraen] ","""-9999""=[Reason Unknown] |""-9960""=[This information was not provided by the originator (participant or sensor)] |""-9985""=[Data was invalid (wrong format, wrong or unknown units, not parseable, or impossible value)] |""-9944""=[This element (question or variable) was not presented to user for collection (reason unspecified)]",20230607_project16_DICT_transformcopy_v1.csv,phs002743
recentmonth_covidtest_2,What month did you have your most recent COVID-19 test?,,int,,,"""1""=[January] |""10""=[October] |""11""=[November] |""12""=[December] |""2""=[February] |""3""=[March] |""4""=[April] |""5""=[May] |""6""=[June] |""7""=[July] |""8""=[August] |""9""=[September] |""99""=[Prefer not to answer] ","""-9999""=[Reason Unknown] |""-9960""=[This information was not provided by the originator (participant or sensor)] |""-9985""=[Data was invalid (wrong format, wrong or unknown units, not parseable, or impossible value)] |""-9944""=[This element (question or variable) was not presented to user for collection (reason unspecified)]",20230607_project16_DICT_transformcopy_v1.csv,phs002743
recentresult_covidtest,What was the result of your most recent COVID-19 test?,,int,,,"""1""=[Negative] |""2""=[Positive] |""3""=[Never obtained results] |""4""=[Indeterminate] |""98""=[Don't know] |""99""=[Prefer not to answer] ","""-9999""=[Reason Unknown] |""-9960""=[This information was not provided by the originator (participant or sensor)] |""-9985""=[Data was invalid (wrong format, wrong or unknown units, not parseable, or impossible value)] |""-9944""=[This element (question or variable) was not presented to user for collection (reason unspecified)]",20230607_project16_DICT_transformcopy_v1.csv,phs002743
recentyear_covidtest_3,What year did you have your most recent COVID-19 test?,,int,,,"""1""=[2019] |""2""=[2020] |""3""=[2021] |""4""=[2022] |""5""=[2023] |""6""=[2024] |""7""=[2025] |""99""=[Prefer not to answer] ","""-9999""=[Reason Unknown] |""-9960""=[This information was not provided by the originator (participant or sensor)] |""-9985""=[Data was invalid (wrong format, wrong or unknown units, not parseable, or impossible value)] |""-9944""=[This element (question or variable) was not presented to user for collection (reason unspecified)]",20230607_project16_DICT_transformcopy_v1.csv,phs002743
redcap_repeat_instrument,REDCap instrument that may be repeated,,,,,,"""-9999""=[Reason Unknown] |""-9960""=[This information was not provided by the originator (participant or sensor)] |""-9985""=[Data was invalid (wrong format, wrong or unknown units, not parseable, or impossible value)] |""-9944""=[This element (question or variable) was not presented to user for collection (reason unspecified)]",20230607_project16_DICT_transformcopy_v1.csv,phs002743
self_reported_weight_units_2,Please choose the units you would like to use for weight,,int,,,"""1""=[Kilograms] |""2""=[Pounds] |""99""=[Prefer not to answer] ","""-9999""=[Reason Unknown] |""-9960""=[This information was not provided by the originator (participant or sensor)] |""-9985""=[Data was invalid (wrong format, wrong or unknown units, not parseable, or impossible value)] |""-9944""=[This element (question or variable) was not presented to user for collection (reason unspecified)]",20230607_project16_DICT_transformcopy_v1.csv,phs002743
sex_orient_desc_2,"Are any of these a closer description of how you think of yourself? ",,int,,,"""1""=[Queer] |""2""=[Polysexual, omnisexual, sapiosexual or pansexual] |""3""=[Asexual or Asexual Spectrum] |""4""=[Two-spirit] |""5""=[Have not figured out or are in the process of figuring out your sexuality] |""6""=[Mostly straight, but sometimes attracted to people of your own sex] |""7""=[Do not think of yourself as having sexuality] |""8""=[Do not use labels to identity yourself] |""96""=[No, I have a different description and would like to specify] |""98""=[Don't know the answer] |""99""=[Prefer not to answer] ","""-9999""=[Reason Unknown] |""-9960""=[This information was not provided by the originator (participant or sensor)] |""-9985""=[Data was invalid (wrong format, wrong or unknown units, not parseable, or impossible value)] |""-9944""=[This element (question or variable) was not presented to user for collection (reason unspecified)]",20230607_project16_DICT_transformcopy_v1.csv,phs002743
sex_orient_id,Which of the following best represents how you think of yourself at this time?,,int,,,"""1""=[Gay] |""2""=[Lesbian] |""3""=[Straight; that is, not gay or lesbian, etc.] |""4""=[Bisexual] |""96""=[None of these describe me] |""99""=[Prefer not to answer] ","""-9999""=[Reason Unknown] |""-9960""=[This information was not provided by the originator (participant or sensor)] |""-9985""=[Data was invalid (wrong format, wrong or unknown units, not parseable, or impossible value)] |""-9944""=[This element (question or variable) was not presented to user for collection (reason unspecified)]",20230607_project16_DICT_transformcopy_v1.csv,phs002743
smoke_years,How many years have you smoked?,,decimal,,,,"""-9999""=[Reason Unknown] |""-9960""=[This information was not provided by the originator (participant or sensor)] |""-9985""=[Data was invalid (wrong format, wrong or unknown units, not parseable, or impossible value)] |""-9944""=[This element (question or variable) was not presented to user for collection (reason unspecified)]",20230607_project16_DICT_transformcopy_v1.csv,phs002743
smoker_number,"If you smoke every day, on average, how many cigarettes per day do you smoke? ",,decimal,,,,"""-9999""=[Reason Unknown] |""-9960""=[This information was not provided by the originator (participant or sensor)] |""-9985""=[Data was invalid (wrong format, wrong or unknown units, not parseable, or impossible value)] |""-9944""=[This element (question or variable) was not presented to user for collection (reason unspecified)]",20230607_project16_DICT_transformcopy_v1.csv,phs002743
sociodem_date_mdy,Date of Sociodemographic Data Collection,,date,,,,"""-9999""=[Reason Unknown] |""-9960""=[This information was not provided by the originator (participant or sensor)] |""-9985""=[Data was invalid (wrong format, wrong or unknown units, not parseable, or impossible value)] |""-9944""=[This element (question or variable) was not presented to user for collection (reason unspecified)]",20230607_project16_DICT_transformcopy_v1.csv,phs002743
stable_housing,"In the past two months, have you been staying in the same place? ",,int,,,"""0""=[No] |""1""=[Yes] |""98""=[Prefer not to answer] |""99""=[Don't know] ","""-9999""=[Reason Unknown] |""-9960""=[This information was not provided by the originator (participant or sensor)] |""-9985""=[Data was invalid (wrong format, wrong or unknown units, not parseable, or impossible value)] |""-9944""=[This element (question or variable) was not presented to user for collection (reason unspecified)]",20230607_project16_DICT_transformcopy_v1.csv,phs002743
sym_date_mdy,Date of Symptom Collection,,date,,,,"""-9999""=[Reason Unknown] |""-9960""=[This information was not provided by the originator (participant or sensor)] |""-9985""=[Data was invalid (wrong format, wrong or unknown units, not parseable, or impossible value)] |""-9944""=[This element (question or variable) was not presented to user for collection (reason unspecified)]",20230607_project16_DICT_transformcopy_v1.csv,phs002743
test_accesseasy_2,It is easy to get tested for COVID-19.,,int,,,"""0""=[Strongly disagree] |""1""=[Disagree] |""2""=[Neither disagree or agree] |""3""=[Agree] |""4""=[Strongly agree] |""99""=[Prefer not to answer] ","""-9999""=[Reason Unknown] |""-9960""=[This information was not provided by the originator (participant or sensor)] |""-9985""=[Data was invalid (wrong format, wrong or unknown units, not parseable, or impossible value)] |""-9944""=[This element (question or variable) was not presented to user for collection (reason unspecified)]",20230607_project16_DICT_transformcopy_v1.csv,phs002743
test_accesswhere_2,I know where I can get COVID-19 testing in my community.,,int,,,"""0""=[Strongly disagree] |""1""=[Disagree] |""2""=[Neither disagree or agree] |""3""=[Agree] |""4""=[Strongly agree] |""99""=[Prefer not to answer] ","""-9999""=[Reason Unknown] |""-9960""=[This information was not provided by the originator (participant or sensor)] |""-9985""=[Data was invalid (wrong format, wrong or unknown units, not parseable, or impossible value)] |""-9944""=[This element (question or variable) was not presented to user for collection (reason unspecified)]",20230607_project16_DICT_transformcopy_v1.csv,phs002743
test_date_mdy,Date of Testing Collection,,date,,,,"""-9999""=[Reason Unknown] |""-9960""=[This information was not provided by the originator (participant or sensor)] |""-9985""=[Data was invalid (wrong format, wrong or unknown units, not parseable, or impossible value)] |""-9944""=[This element (question or variable) was not presented to user for collection (reason unspecified)]",20230607_project16_DICT_transformcopy_v1.csv,phs002743
test_intent_2,"I plan to get tested as often as needed. ",,int,,,"""0""=[Strongly Disagree] |""1""=[Disagree] |""2""=[Neither disagree or agree] |""3""=[Agree] |""4""=[Strongly agree] |""99""=[Prefer not to answer] ","""-9999""=[Reason Unknown] |""-9960""=[This information was not provided by the originator (participant or sensor)] |""-9985""=[Data was invalid (wrong format, wrong or unknown units, not parseable, or impossible value)] |""-9944""=[This element (question or variable) was not presented to user for collection (reason unspecified)]",20230607_project16_DICT_transformcopy_v1.csv,phs002743
test_pbenearound_2,To know if I am safe not to give COVID-19 to anyone I am around.,,int,,,"""0""=[Not at all] |""1""=[Slightly] |""2""=[Somewhat] |""3""=[Moderately] |""4""=[Very much] |""99""=[Prefer not to answer] ","""-9999""=[Reason Unknown] |""-9960""=[This information was not provided by the originator (participant or sensor)] |""-9985""=[Data was invalid (wrong format, wrong or unknown units, not parseable, or impossible value)] |""-9944""=[This element (question or variable) was not presented to user for collection (reason unspecified)]",20230607_project16_DICT_transformcopy_v1.csv,phs002743
test_pbeneexposed_2,Believe that I was exposed to someone who has COVID-19.,,int,,,"""0""=[Not at all] |""1""=[Slightly] |""2""=[Somewhat] |""3""=[Moderately] |""4""=[Very much] |""99""=[Prefer not to answer] ","""-9999""=[Reason Unknown] |""-9960""=[This information was not provided by the originator (participant or sensor)] |""-9985""=[Data was invalid (wrong format, wrong or unknown units, not parseable, or impossible value)] |""-9944""=[This element (question or variable) was not presented to user for collection (reason unspecified)]",20230607_project16_DICT_transformcopy_v1.csv,phs002743
test_pbenepos_2,To get treated early (if I am positive).,,int,,,"""0""=[Not at all] |""1""=[Slightly] |""2""=[Somewhat] |""3""=[Moderately] |""4""=[Very much] |""99""=[Prefer not to answer] ","""-9999""=[Reason Unknown] |""-9960""=[This information was not provided by the originator (participant or sensor)] |""-9985""=[Data was invalid (wrong format, wrong or unknown units, not parseable, or impossible value)] |""-9944""=[This element (question or variable) was not presented to user for collection (reason unspecified)]",20230607_project16_DICT_transformcopy_v1.csv,phs002743
test_pbenesafe_2,To know if I am safe not to give COVID-19 to friends and family.,,int,,,"""0""=[Not at all] |""1""=[Slightly] |""2""=[Somewhat] |""3""=[Moderately] |""4""=[Very much] |""99""=[Prefer not to answer] ","""-9999""=[Reason Unknown] |""-9960""=[This information was not provided by the originator (participant or sensor)] |""-9985""=[Data was invalid (wrong format, wrong or unknown units, not parseable, or impossible value)] |""-9944""=[This element (question or variable) was not presented to user for collection (reason unspecified)]",20230607_project16_DICT_transformcopy_v1.csv,phs002743
test_pbenework_2,To let my employer know that I am safe to work.,,int,,,"""0""=[Not at all] |""1""=[Slightly] |""2""=[Somewhat] |""3""=[Moderately] |""4""=[Very much] |""99""=[Prefer not to answer] ","""-9999""=[Reason Unknown] |""-9960""=[This information was not provided by the originator (participant or sensor)] |""-9985""=[Data was invalid (wrong format, wrong or unknown units, not parseable, or impossible value)] |""-9944""=[This element (question or variable) was not presented to user for collection (reason unspecified)]",20230607_project16_DICT_transformcopy_v1.csv,phs002743
test_pbeneworry_2,Reduce worry that I might have COVID-19.,,int,,,"""0""=[Not at all] |""1""=[Slightly] |""2""=[Somewhat] |""3""=[Moderately] |""4""=[Very much] |""99""=[Prefer not to answer] ","""-9999""=[Reason Unknown] |""-9960""=[This information was not provided by the originator (participant or sensor)] |""-9985""=[Data was invalid (wrong format, wrong or unknown units, not parseable, or impossible value)] |""-9944""=[This element (question or variable) was not presented to user for collection (reason unspecified)]",20230607_project16_DICT_transformcopy_v1.csv,phs002743
test_percvaccuneg_2,How confident are you that a negative test result means that you do not have COVID-19?,,int,,,"""0""=[Not at all confident] |""1""=[Somewhat confident] |""2""=[Confident] |""3""=[Very confident] |""99""=[Prefer not to answer] ","""-9999""=[Reason Unknown] |""-9960""=[This information was not provided by the originator (participant or sensor)] |""-9985""=[Data was invalid (wrong format, wrong or unknown units, not parseable, or impossible value)] |""-9944""=[This element (question or variable) was not presented to user for collection (reason unspecified)]",20230607_project16_DICT_transformcopy_v1.csv,phs002743
test_percvaccupos_2,How confident are you that a positive test result means that you do have COVID-19?,,int,,,"""0""=[Not at all confident] |""1""=[Somewhat confident] |""2""=[Confident] |""3""=[Very confident] |""99""=[Prefer not to answer] ","""-9999""=[Reason Unknown] |""-9960""=[This information was not provided by the originator (participant or sensor)] |""-9985""=[Data was invalid (wrong format, wrong or unknown units, not parseable, or impossible value)] |""-9944""=[This element (question or variable) was not presented to user for collection (reason unspecified)]",20230607_project16_DICT_transformcopy_v1.csv,phs002743
test_priskcontact_2,"If I'm positive, officials will need to contact the people I've been in contact with.",,int,,,"""0""=[Not at all] |""1""=[Slightly] |""2""=[Somewhat] |""3""=[Moderately] |""4""=[Very much] |""99""=[Prefer not to answer] ","""-9999""=[Reason Unknown] |""-9960""=[This information was not provided by the originator (participant or sensor)] |""-9985""=[Data was invalid (wrong format, wrong or unknown units, not parseable, or impossible value)] |""-9944""=[This element (question or variable) was not presented to user for collection (reason unspecified)]",20230607_project16_DICT_transformcopy_v1.csv,phs002743
test_priskhlthcare_2,Difficult to get needed healthcare if I have it.,,int,,,"""0""=[Not at all] |""1""=[Slightly] |""2""=[Somewhat] |""3""=[Moderately] |""4""=[Very much] |""99""=[Prefer not to answer] ","""-9999""=[Reason Unknown] |""-9960""=[This information was not provided by the originator (participant or sensor)] |""-9985""=[Data was invalid (wrong format, wrong or unknown units, not parseable, or impossible value)] |""-9944""=[This element (question or variable) was not presented to user for collection (reason unspecified)]",20230607_project16_DICT_transformcopy_v1.csv,phs002743
test_priskknow_2,I don't want to know if I have it.,,int,,,"""0""=[Not at all] |""1""=[Slightly] |""2""=[Somewhat] |""3""=[Moderately] |""4""=[Very much] |""99""=[Prefer not to answer] ","""-9999""=[Reason Unknown] |""-9960""=[This information was not provided by the originator (participant or sensor)] |""-9985""=[Data was invalid (wrong format, wrong or unknown units, not parseable, or impossible value)] |""-9944""=[This element (question or variable) was not presented to user for collection (reason unspecified)]",20230607_project16_DICT_transformcopy_v1.csv,phs002743
test_prisklater_2,"Even if I don't have it when tested, I can still get COVID-19 later.",,int,,,"""0""=[Not at all] |""1""=[Slightly] |""2""=[Somewhat] |""3""=[Moderately] |""4""=[Very much] |""99""=[Prefer not to answer] ","""-9999""=[Reason Unknown] |""-9960""=[This information was not provided by the originator (participant or sensor)] |""-9985""=[Data was invalid (wrong format, wrong or unknown units, not parseable, or impossible value)] |""-9944""=[This element (question or variable) was not presented to user for collection (reason unspecified)]",20230607_project16_DICT_transformcopy_v1.csv,phs002743
test_prisknohelp_2,Not much they can do for me if I have it.,,int,,,"""0""=[Not at all] |""1""=[Slightly] |""2""=[Somewhat] |""3""=[Moderately] |""4""=[Very much] |""99""=[Prefer not to answer] ","""-9999""=[Reason Unknown] |""-9960""=[This information was not provided by the originator (participant or sensor)] |""-9985""=[Data was invalid (wrong format, wrong or unknown units, not parseable, or impossible value)] |""-9944""=[This element (question or variable) was not presented to user for collection (reason unspecified)]",20230607_project16_DICT_transformcopy_v1.csv,phs002743
test_prisknosymp_2,I don't have COVID-19 symptoms so I don't need to be tested.,,int,,,"""0""=[Not at all] |""1""=[Slightly] |""2""=[Somewhat] |""3""=[Moderately] |""4""=[Very much] |""99""=[Prefer not to answer] ","""-9999""=[Reason Unknown] |""-9960""=[This information was not provided by the originator (participant or sensor)] |""-9985""=[Data was invalid (wrong format, wrong or unknown units, not parseable, or impossible value)] |""-9944""=[This element (question or variable) was not presented to user for collection (reason unspecified)]",20230607_project16_DICT_transformcopy_v1.csv,phs002743
test_priskouch_2,May experience discomfort from being tested.,,int,,,"""0""=[Not at all] |""1""=[Slightly] |""2""=[Somewhat] |""3""=[Moderately] |""4""=[Very much] |""99""=[Prefer not to answer] ","""-9999""=[Reason Unknown] |""-9960""=[This information was not provided by the originator (participant or sensor)] |""-9985""=[Data was invalid (wrong format, wrong or unknown units, not parseable, or impossible value)] |""-9944""=[This element (question or variable) was not presented to user for collection (reason unspecified)]",20230607_project16_DICT_transformcopy_v1.csv,phs002743
test_resneg_2___1,"If I get a negative test result, it means [check all that apply]:",,bit,,,"""0""=[I don't have to worry about getting COVID-19] |""1""=[I don't have to worry about getting COVID-19] ","""-9999""=[Reason Unknown] |""-9960""=[This information was not provided by the originator (participant or sensor)] |""-9985""=[Data was invalid (wrong format, wrong or unknown units, not parseable, or impossible value)] |""-9944""=[This element (question or variable) was not presented to user for collection (reason unspecified)]",20230607_project16_DICT_transformcopy_v1.csv,phs002743
test_resneg_2___2,"If I get a negative test result, it means [check all that apply]:",,bit,,,"""0""=[I don't have COVID-19 now] |""1""=[I don't have COVID-19 now] ","""-9999""=[Reason Unknown] |""-9960""=[This information was not provided by the originator (participant or sensor)] |""-9985""=[Data was invalid (wrong format, wrong or unknown units, not parseable, or impossible value)] |""-9944""=[This element (question or variable) was not presented to user for collection (reason unspecified)]",20230607_project16_DICT_transformcopy_v1.csv,phs002743
test_resneg_2___3,"If I get a negative test result, it means [check all that apply]:",,bit,,,"""0""=[I can be around others without giving the virus to them] |""1""=[I can be around others without giving the virus to them] ","""-9999""=[Reason Unknown] |""-9960""=[This information was not provided by the originator (participant or sensor)] |""-9985""=[Data was invalid (wrong format, wrong or unknown units, not parseable, or impossible value)] |""-9944""=[This element (question or variable) was not presented to user for collection (reason unspecified)]",20230607_project16_DICT_transformcopy_v1.csv,phs002743
test_resneg_2___4,"If I get a negative test result, it means [check all that apply]:",,bit,,,"""0""=[I can be around others without getting the virus from them] |""1""=[I can be around others without getting the virus from them] ","""-9999""=[Reason Unknown] |""-9960""=[This information was not provided by the originator (participant or sensor)] |""-9985""=[Data was invalid (wrong format, wrong or unknown units, not parseable, or impossible value)] |""-9944""=[This element (question or variable) was not presented to user for collection (reason unspecified)]",20230607_project16_DICT_transformcopy_v1.csv,phs002743
test_respos_2___1,"If I get a positive result, it means: [check all that apply]",,bit,,,"""0""=[I will need to be admitted to the hospital] |""1""=[I will need to be admitted to the hospital] ","""-9999""=[Reason Unknown] |""-9960""=[This information was not provided by the originator (participant or sensor)] |""-9985""=[Data was invalid (wrong format, wrong or unknown units, not parseable, or impossible value)] |""-9944""=[This element (question or variable) was not presented to user for collection (reason unspecified)]",20230607_project16_DICT_transformcopy_v1.csv,phs002743
test_respos_2___2,"If I get a positive result, it means: [check all that apply]",,bit,,,"""0""=[I will need to isolate myself from others] |""1""=[I will need to isolate myself from others] ","""-9999""=[Reason Unknown] |""-9960""=[This information was not provided by the originator (participant or sensor)] |""-9985""=[Data was invalid (wrong format, wrong or unknown units, not parseable, or impossible value)] |""-9944""=[This element (question or variable) was not presented to user for collection (reason unspecified)]",20230607_project16_DICT_transformcopy_v1.csv,phs002743
test_respos_2___3,"If I get a positive result, it means: [check all that apply]",,bit,,,"""0""=[I will need to take off work] |""1""=[I will need to take off work] ","""-9999""=[Reason Unknown] |""-9960""=[This information was not provided by the originator (participant or sensor)] |""-9985""=[Data was invalid (wrong format, wrong or unknown units, not parseable, or impossible value)] |""-9944""=[This element (question or variable) was not presented to user for collection (reason unspecified)]",20230607_project16_DICT_transformcopy_v1.csv,phs002743
tested_for_covid,Have you ever been tested for COVID-19?,,int,,,"""1""=[Yes] |""2""=[No] |""98""=[Don't know] |""99""=[Prefer not to answer] ","""-9999""=[Reason Unknown] |""-9960""=[This information was not provided by the originator (participant or sensor)] |""-9985""=[Data was invalid (wrong format, wrong or unknown units, not parseable, or impossible value)] |""-9944""=[This element (question or variable) was not presented to user for collection (reason unspecified)]",20230607_project16_DICT_transformcopy_v1.csv,phs002743
tested_positive_for_covid,Have you ever tested positive for COVID-19?,,int,,,"""1""=[Yes] |""2""=[No] |""98""=[Don't know] |""99""=[Prefer not to answer] ","""-9999""=[Reason Unknown] |""-9960""=[This information was not provided by the originator (participant or sensor)] |""-9985""=[Data was invalid (wrong format, wrong or unknown units, not parseable, or impossible value)] |""-9944""=[This element (question or variable) was not presented to user for collection (reason unspecified)]",20230607_project16_DICT_transformcopy_v1.csv,phs002743
trust_coll_2,People you go to work or class with or other people you know,,int,,,"""0""=[Not at all] |""1""=[A little] |""2""=[Somewhat] |""3""=[A great deal] |""4""=[Don't know] |""99""=[Prefer not to answer] ","""-9999""=[Reason Unknown] |""-9960""=[This information was not provided by the originator (participant or sensor)] |""-9985""=[Data was invalid (wrong format, wrong or unknown units, not parseable, or impossible value)] |""-9944""=[This element (question or variable) was not presented to user for collection (reason unspecified)]",20230607_project16_DICT_transformcopy_v1.csv,phs002743
trust_cortf_2,The U.S. Coronavirus Task Force,,int,,,"""0""=[Not at all] |""1""=[A little] |""2""=[Somewhat] |""3""=[A great deal] |""4""=[Don't know] |""99""=[Prefer not to answer] ","""-9999""=[Reason Unknown] |""-9960""=[This information was not provided by the originator (participant or sensor)] |""-9985""=[Data was invalid (wrong format, wrong or unknown units, not parseable, or impossible value)] |""-9944""=[This element (question or variable) was not presented to user for collection (reason unspecified)]",20230607_project16_DICT_transformcopy_v1.csv,phs002743
trust_doc_2,Your doctor or health care provider,,int,,,"""0""=[Not at all] |""1""=[A little] |""2""=[Somewhat] |""3""=[A great deal] |""4""=[Don't know] |""99""=[Prefer not to answer] ","""-9999""=[Reason Unknown] |""-9960""=[This information was not provided by the originator (participant or sensor)] |""-9985""=[Data was invalid (wrong format, wrong or unknown units, not parseable, or impossible value)] |""-9944""=[This element (question or variable) was not presented to user for collection (reason unspecified)]",20230607_project16_DICT_transformcopy_v1.csv,phs002743
trust_fam_2,Your close friends and members of your family,,int,,,"""0""=[Not at all] |""1""=[A little] |""2""=[Somewhat] |""3""=[A great deal] |""4""=[Don't know] |""99""=[Prefer not to answer] ","""-9999""=[Reason Unknown] |""-9960""=[This information was not provided by the originator (participant or sensor)] |""-9985""=[Data was invalid (wrong format, wrong or unknown units, not parseable, or impossible value)] |""-9944""=[This element (question or variable) was not presented to user for collection (reason unspecified)]",20230607_project16_DICT_transformcopy_v1.csv,phs002743
trust_flead_2,Your faith leader,,int,,,"""0""=[Not at all] |""1""=[A little] |""2""=[Somewhat] |""3""=[A great deal] |""4""=[Don't know] |""99""=[Prefer not to answer] ","""-9999""=[Reason Unknown] |""-9960""=[This information was not provided by the originator (participant or sensor)] |""-9985""=[Data was invalid (wrong format, wrong or unknown units, not parseable, or impossible value)] |""-9944""=[This element (question or variable) was not presented to user for collection (reason unspecified)]",20230607_project16_DICT_transformcopy_v1.csv,phs002743
trust_news_2,"News on the radio, TV, online, or in newspapers",,int,,,"""0""=[Not at all] |""1""=[A little] |""2""=[Somewhat] |""3""=[A great deal] |""4""=[Don't know] |""99""=[Prefer not to answer] ","""-9999""=[Reason Unknown] |""-9960""=[This information was not provided by the originator (participant or sensor)] |""-9985""=[Data was invalid (wrong format, wrong or unknown units, not parseable, or impossible value)] |""-9944""=[This element (question or variable) was not presented to user for collection (reason unspecified)]",20230607_project16_DICT_transformcopy_v1.csv,phs002743
trust_social_2,Your contacts on social media,,int,,,"""0""=[Not at all] |""1""=[A little] |""2""=[Somewhat] |""3""=[A great deal] |""4""=[Don't know] |""99""=[Prefer not to answer] ","""-9999""=[Reason Unknown] |""-9960""=[This information was not provided by the originator (participant or sensor)] |""-9985""=[Data was invalid (wrong format, wrong or unknown units, not parseable, or impossible value)] |""-9944""=[This element (question or variable) was not presented to user for collection (reason unspecified)]",20230607_project16_DICT_transformcopy_v1.csv,phs002743
trust_usgov_2,The U.S. government,,int,,,"""0""=[Not at all] |""1""=[A little] |""2""=[Somewhat] |""3""=[A great deal] |""4""=[Don't know] |""99""=[Prefer not to answer] ","""-9999""=[Reason Unknown] |""-9960""=[This information was not provided by the originator (participant or sensor)] |""-9985""=[Data was invalid (wrong format, wrong or unknown units, not parseable, or impossible value)] |""-9944""=[This element (question or variable) was not presented to user for collection (reason unspecified)]",20230607_project16_DICT_transformcopy_v1.csv,phs002743
vacc_date_mdy,Date of Vaccine Acceptance Collection,,date,,,,"""-9999""=[Reason Unknown] |""-9960""=[This information was not provided by the originator (participant or sensor)] |""-9985""=[Data was invalid (wrong format, wrong or unknown units, not parseable, or impossible value)] |""-9944""=[This element (question or variable) was not presented to user for collection (reason unspecified)]",20230607_project16_DICT_transformcopy_v1.csv,phs002743
vaccine_avail,"How likely are you to get an approved COVID-19 vaccine when it becomes available? ",,int,,,"""1""=[Very likely] |""2""=[Fairly likely] |""3""=[Not too likely] |""4""=[Not at all likely] |""5""=[Definitely not] |""97""=[Not applicable] |""98""=[Don't know] |""99""=[Prefer not to answer] ","""-9999""=[Reason Unknown] |""-9960""=[This information was not provided by the originator (participant or sensor)] |""-9985""=[Data was invalid (wrong format, wrong or unknown units, not parseable, or impossible value)] |""-9944""=[This element (question or variable) was not presented to user for collection (reason unspecified)]",20230607_project16_DICT_transformcopy_v1.csv,phs002743
vaccine_booster,If you are given a recommendation for a vaccine booster will youget a booster?,,int,,,"""0""=[No] |""1""=[Yes] |""98""=[Don't know] |""99""=[Prefer not to answer] ","""-9999""=[Reason Unknown] |""-9960""=[This information was not provided by the originator (participant or sensor)] |""-9985""=[Data was invalid (wrong format, wrong or unknown units, not parseable, or impossible value)] |""-9944""=[This element (question or variable) was not presented to user for collection (reason unspecified)]",20230607_project16_DICT_transformcopy_v1.csv,phs002743
vaccine_concerns_3___1,"Why would you NOT get a COVID-19 vaccine? ",,bit,,,"""0""=[I'm allergic to vaccines] |""1""=[I'm allergic to vaccines] ","""-9999""=[Reason Unknown] |""-9960""=[This information was not provided by the originator (participant or sensor)] |""-9985""=[Data was invalid (wrong format, wrong or unknown units, not parseable, or impossible value)] |""-9944""=[This element (question or variable) was not presented to user for collection (reason unspecified)]",20230607_project16_DICT_transformcopy_v1.csv,phs002743
vaccine_concerns_3___10,"Why would you NOT get a COVID-19 vaccine? ",,bit,,,"""0""=[Other] |""1""=[Other] ","""-9999""=[Reason Unknown] |""-9960""=[This information was not provided by the originator (participant or sensor)] |""-9985""=[Data was invalid (wrong format, wrong or unknown units, not parseable, or impossible value)] |""-9944""=[This element (question or variable) was not presented to user for collection (reason unspecified)]",20230607_project16_DICT_transformcopy_v1.csv,phs002743
vaccine_concerns_3___2,"Why would you NOT get a COVID-19 vaccine? ",,bit,,,"""0""=[I don't like needles] |""1""=[I don't like needles] ","""-9999""=[Reason Unknown] |""-9960""=[This information was not provided by the originator (participant or sensor)] |""-9985""=[Data was invalid (wrong format, wrong or unknown units, not parseable, or impossible value)] |""-9944""=[This element (question or variable) was not presented to user for collection (reason unspecified)]",20230607_project16_DICT_transformcopy_v1.csv,phs002743
vaccine_concerns_3___3,"Why would you NOT get a COVID-19 vaccine? ",,bit,,,"""0""=[I'm not concerned about getting really sick from COVID-19] |""1""=[I'm not concerned about getting really sick from COVID-19] ","""-9999""=[Reason Unknown] |""-9960""=[This information was not provided by the originator (participant or sensor)] |""-9985""=[Data was invalid (wrong format, wrong or unknown units, not parseable, or impossible value)] |""-9944""=[This element (question or variable) was not presented to user for collection (reason unspecified)]",20230607_project16_DICT_transformcopy_v1.csv,phs002743
vaccine_concerns_3___4,"Why would you NOT get a COVID-19 vaccine? ",,bit,,,"""0""=[I'm concerned about side effects from the vaccine] |""1""=[I'm concerned about side effects from the vaccine] ","""-9999""=[Reason Unknown] |""-9960""=[This information was not provided by the originator (participant or sensor)] |""-9985""=[Data was invalid (wrong format, wrong or unknown units, not parseable, or impossible value)] |""-9944""=[This element (question or variable) was not presented to user for collection (reason unspecified)]",20230607_project16_DICT_transformcopy_v1.csv,phs002743
vaccine_concerns_3___5,"Why would you NOT get a COVID-19 vaccine? ",,bit,,,"""0""=[I don't think vaccines work very well] |""1""=[I don't think vaccines work very well] ","""-9999""=[Reason Unknown] |""-9960""=[This information was not provided by the originator (participant or sensor)] |""-9985""=[Data was invalid (wrong format, wrong or unknown units, not parseable, or impossible value)] |""-9944""=[This element (question or variable) was not presented to user for collection (reason unspecified)]",20230607_project16_DICT_transformcopy_v1.csv,phs002743
vaccine_concerns_3___6,"Why would you NOT get a COVID-19 vaccine? ",,bit,,,"""0""=[I don't trust that the vaccine will be safe] |""1""=[I don't trust that the vaccine will be safe] ","""-9999""=[Reason Unknown] |""-9960""=[This information was not provided by the originator (participant or sensor)] |""-9985""=[Data was invalid (wrong format, wrong or unknown units, not parseable, or impossible value)] |""-9944""=[This element (question or variable) was not presented to user for collection (reason unspecified)]",20230607_project16_DICT_transformcopy_v1.csv,phs002743
vaccine_concerns_3___7,"Why would you NOT get a COVID-19 vaccine? ",,bit,,,"""0""=[I don't believe the COVID-19 pandemic is as bad as some people say it is] |""1""=[I don't believe the COVID-19 pandemic is as bad as some people say it is] ","""-9999""=[Reason Unknown] |""-9960""=[This information was not provided by the originator (participant or sensor)] |""-9985""=[Data was invalid (wrong format, wrong or unknown units, not parseable, or impossible value)] |""-9944""=[This element (question or variable) was not presented to user for collection (reason unspecified)]",20230607_project16_DICT_transformcopy_v1.csv,phs002743
vaccine_concerns_3___8,"Why would you NOT get a COVID-19 vaccine? ",,bit,,,"""0""=[I don't want to pay for it] |""1""=[I don't want to pay for it] ","""-9999""=[Reason Unknown] |""-9960""=[This information was not provided by the originator (participant or sensor)] |""-9985""=[Data was invalid (wrong format, wrong or unknown units, not parseable, or impossible value)] |""-9944""=[This element (question or variable) was not presented to user for collection (reason unspecified)]",20230607_project16_DICT_transformcopy_v1.csv,phs002743
vaccine_concerns_3___9,"Why would you NOT get a COVID-19 vaccine? ",,bit,,,"""0""=[I don't know enough about how well a COVID-19 vaccine works] |""1""=[I don't know enough about how well a COVID-19 vaccine works] ","""-9999""=[Reason Unknown] |""-9960""=[This information was not provided by the originator (participant or sensor)] |""-9985""=[Data was invalid (wrong format, wrong or unknown units, not parseable, or impossible value)] |""-9944""=[This element (question or variable) was not presented to user for collection (reason unspecified)]",20230607_project16_DICT_transformcopy_v1.csv,phs002743
vaccine_conven_2,Convenience in where and when I can get it,,int,,,"""1""=[1- Not important] |""2""=[2] |""3""=[3- Neutral] |""4""=[4] |""5""=[5- Very important] |""99""=[Prefer not to answer] ","""-9999""=[Reason Unknown] |""-9960""=[This information was not provided by the originator (participant or sensor)] |""-9985""=[Data was invalid (wrong format, wrong or unknown units, not parseable, or impossible value)] |""-9944""=[This element (question or variable) was not presented to user for collection (reason unspecified)]",20230607_project16_DICT_transformcopy_v1.csv,phs002743
vaccine_dose,How many doses have you received?,,int,,,,"""-9999""=[Reason Unknown] |""-9960""=[This information was not provided by the originator (participant or sensor)] |""-9985""=[Data was invalid (wrong format, wrong or unknown units, not parseable, or impossible value)] |""-9944""=[This element (question or variable) was not presented to user for collection (reason unspecified)]",20230607_project16_DICT_transformcopy_v1.csv,phs002743
vaccine_edu_post,"Prior to your vaccination, were you given information or brochuresabout the vaccine and/or COVID-19?",,int,,,"""0""=[No] |""1""=[Yes] |""98""=[Don't know] |""99""=[Prefer not to answer] ","""-9999""=[Reason Unknown] |""-9960""=[This information was not provided by the originator (participant or sensor)] |""-9985""=[Data was invalid (wrong format, wrong or unknown units, not parseable, or impossible value)] |""-9944""=[This element (question or variable) was not presented to user for collection (reason unspecified)]",20230607_project16_DICT_transformcopy_v1.csv,phs002743
vaccine_edu_pre,"Prior to your vaccination, were you given information or brochuresabout the vaccine and/or COVID-19?",,int,,,"""0""=[No] |""1""=[Yes] |""98""=[Don't know] |""99""=[Prefer not to answer] ","""-9999""=[Reason Unknown] |""-9960""=[This information was not provided by the originator (participant or sensor)] |""-9985""=[Data was invalid (wrong format, wrong or unknown units, not parseable, or impossible value)] |""-9944""=[This element (question or variable) was not presented to user for collection (reason unspecified)]",20230607_project16_DICT_transformcopy_v1.csv,phs002743
vaccine_effective_2,The vaccine prevents COVID-19,,int,,,"""1""=[1- Not important] |""2""=[2] |""3""=[3- Neutral] |""4""=[4] |""5""=[5- Very important] |""99""=[Prefer not to answer] ","""-9999""=[Reason Unknown] |""-9960""=[This information was not provided by the originator (participant or sensor)] |""-9985""=[Data was invalid (wrong format, wrong or unknown units, not parseable, or impossible value)] |""-9944""=[This element (question or variable) was not presented to user for collection (reason unspecified)]",20230607_project16_DICT_transformcopy_v1.csv,phs002743
vaccine_free_2,The vaccine is free or low cost,,int,,,"""1""=[1- Not important] |""2""=[2] |""3""=[3- Neutral] |""4""=[4] |""5""=[5- Very important] |""99""=[Prefer not to answer] ","""-9999""=[Reason Unknown] |""-9960""=[This information was not provided by the originator (participant or sensor)] |""-9985""=[Data was invalid (wrong format, wrong or unknown units, not parseable, or impossible value)] |""-9944""=[This element (question or variable) was not presented to user for collection (reason unspecified)]",20230607_project16_DICT_transformcopy_v1.csv,phs002743
vaccine_last_dte,On what date did you receive your most recent shot of the vaccine?,,date,,,,"""-9999""=[Reason Unknown] |""-9960""=[This information was not provided by the originator (participant or sensor)] |""-9985""=[Data was invalid (wrong format, wrong or unknown units, not parseable, or impossible value)] |""-9944""=[This element (question or variable) was not presented to user for collection (reason unspecified)]",20230607_project16_DICT_transformcopy_v1.csv,phs002743
vaccine_literacy,"How often do you need someone to help you to understand information or guidance from your doctor, nurse or pharmacist?",,int,,,"""1""=[Often] |""2""=[Sometimes] |""3""=[Rarely] |""98""=[Don't know] |""99""=[Prefer not to answer] ","""-9999""=[Reason Unknown] |""-9960""=[This information was not provided by the originator (participant or sensor)] |""-9985""=[Data was invalid (wrong format, wrong or unknown units, not parseable, or impossible value)] |""-9944""=[This element (question or variable) was not presented to user for collection (reason unspecified)]",20230607_project16_DICT_transformcopy_v1.csv,phs002743
vaccine_manufac_2,Who was the manufacturer of the most recent vaccine you received?,,int,,,"""1""=[Pfizer] |""2""=[Moderna] |""3""=[Johnson & Johnson] |""4""=[Other] |""98""=[Don't know] |""99""=[Prefer not to answer] ","""-9999""=[Reason Unknown] |""-9960""=[This information was not provided by the originator (participant or sensor)] |""-9985""=[Data was invalid (wrong format, wrong or unknown units, not parseable, or impossible value)] |""-9944""=[This element (question or variable) was not presented to user for collection (reason unspecified)]",20230607_project16_DICT_transformcopy_v1.csv,phs002743
vaccine_no_pain_2,The vaccine is not painful,,int,,,"""1""=[1- Not important] |""2""=[2] |""3""=[3- Neutral] |""4""=[4] |""5""=[5- Very important] |""99""=[Prefer not to answer] ","""-9999""=[Reason Unknown] |""-9960""=[This information was not provided by the originator (participant or sensor)] |""-9985""=[Data was invalid (wrong format, wrong or unknown units, not parseable, or impossible value)] |""-9944""=[This element (question or variable) was not presented to user for collection (reason unspecified)]",20230607_project16_DICT_transformcopy_v1.csv,phs002743
vaccine_options,"On a scale of 1-5, How informed are you that you know whichvaccine option is right for you? (1 is least informed, 5 is mostinformed)",,int,,,"""1""=[Least informed] |""2""=[Less informed] |""3""=[Somewhat informed] |""4""=[More informed] |""5""=[Most informed] |""98""=[Don't know] |""99""=[Prefer not to answer] ","""-9999""=[Reason Unknown] |""-9960""=[This information was not provided by the originator (participant or sensor)] |""-9985""=[Data was invalid (wrong format, wrong or unknown units, not parseable, or impossible value)] |""-9944""=[This element (question or variable) was not presented to user for collection (reason unspecified)]",20230607_project16_DICT_transformcopy_v1.csv,phs002743
vaccine_prev_expos,"To the best of your knowledge, have you previously been exposedto someone who has had a positive COVID-19 test?",,int,,,"""0""=[No] |""1""=[Yes] |""98""=[Don't know] |""99""=[Prefer not to answer] ","""-9999""=[Reason Unknown] |""-9960""=[This information was not provided by the originator (participant or sensor)] |""-9985""=[Data was invalid (wrong format, wrong or unknown units, not parseable, or impossible value)] |""-9944""=[This element (question or variable) was not presented to user for collection (reason unspecified)]",20230607_project16_DICT_transformcopy_v1.csv,phs002743
vaccine_reasons_3___1,Why would you get a COVID-19 vaccine?,,bit,,,"""0""=[I want to keep my family safe] |""1""=[I want to keep my family safe] ","""-9999""=[Reason Unknown] |""-9960""=[This information was not provided by the originator (participant or sensor)] |""-9985""=[Data was invalid (wrong format, wrong or unknown units, not parseable, or impossible value)] |""-9944""=[This element (question or variable) was not presented to user for collection (reason unspecified)]",20230607_project16_DICT_transformcopy_v1.csv,phs002743
vaccine_reasons_3___2,Why would you get a COVID-19 vaccine?,,bit,,,"""0""=[I want to keep my community safe] |""1""=[I want to keep my community safe] ","""-9999""=[Reason Unknown] |""-9960""=[This information was not provided by the originator (participant or sensor)] |""-9985""=[Data was invalid (wrong format, wrong or unknown units, not parseable, or impossible value)] |""-9944""=[This element (question or variable) was not presented to user for collection (reason unspecified)]",20230607_project16_DICT_transformcopy_v1.csv,phs002743
vaccine_reasons_3___3,Why would you get a COVID-19 vaccine?,,bit,,,"""0""=[I want to keep myself safe] |""1""=[I want to keep myself safe] ","""-9999""=[Reason Unknown] |""-9960""=[This information was not provided by the originator (participant or sensor)] |""-9985""=[Data was invalid (wrong format, wrong or unknown units, not parseable, or impossible value)] |""-9944""=[This element (question or variable) was not presented to user for collection (reason unspecified)]",20230607_project16_DICT_transformcopy_v1.csv,phs002743
vaccine_reasons_3___4,Why would you get a COVID-19 vaccine?,,bit,,,"""0""=[I have a chronic health problem, like asthma or diabetes] |""1""=[I have a chronic health problem, like asthma or diabetes] ","""-9999""=[Reason Unknown] |""-9960""=[This information was not provided by the originator (participant or sensor)] |""-9985""=[Data was invalid (wrong format, wrong or unknown units, not parseable, or impossible value)] |""-9944""=[This element (question or variable) was not presented to user for collection (reason unspecified)]",20230607_project16_DICT_transformcopy_v1.csv,phs002743
vaccine_reasons_3___5,Why would you get a COVID-19 vaccine?,,bit,,,"""0""=[My doctor told me to get a COVID-19 vaccine] |""1""=[My doctor told me to get a COVID-19 vaccine] ","""-9999""=[Reason Unknown] |""-9960""=[This information was not provided by the originator (participant or sensor)] |""-9985""=[Data was invalid (wrong format, wrong or unknown units, not parseable, or impossible value)] |""-9944""=[This element (question or variable) was not presented to user for collection (reason unspecified)]",20230607_project16_DICT_transformcopy_v1.csv,phs002743
vaccine_reasons_3___6,Why would you get a COVID-19 vaccine?,,bit,,,"""0""=[I don't want to get really sick from COVID-19] |""1""=[I don't want to get really sick from COVID-19] ","""-9999""=[Reason Unknown] |""-9960""=[This information was not provided by the originator (participant or sensor)] |""-9985""=[Data was invalid (wrong format, wrong or unknown units, not parseable, or impossible value)] |""-9944""=[This element (question or variable) was not presented to user for collection (reason unspecified)]",20230607_project16_DICT_transformcopy_v1.csv,phs002743
vaccine_reasons_3___7,Why would you get a COVID-19 vaccine?,,bit,,,"""0""=[I want to feel safe around other people] |""1""=[I want to feel safe around other people] ","""-9999""=[Reason Unknown] |""-9960""=[This information was not provided by the originator (participant or sensor)] |""-9985""=[Data was invalid (wrong format, wrong or unknown units, not parseable, or impossible value)] |""-9944""=[This element (question or variable) was not presented to user for collection (reason unspecified)]",20230607_project16_DICT_transformcopy_v1.csv,phs002743
vaccine_reasons_3___8,Why would you get a COVID-19 vaccine?,,bit,,,"""0""=[I believe life won't go back to normal until most people get a COVID-19 vaccine] |""1""=[I believe life won't go back to normal until most people get a COVID-19 vaccine] ","""-9999""=[Reason Unknown] |""-9960""=[This information was not provided by the originator (participant or sensor)] |""-9985""=[Data was invalid (wrong format, wrong or unknown units, not parseable, or impossible value)] |""-9944""=[This element (question or variable) was not presented to user for collection (reason unspecified)]",20230607_project16_DICT_transformcopy_v1.csv,phs002743
vaccine_reasons_3___9,Why would you get a COVID-19 vaccine?,,bit,,,"""0""=[Other] |""1""=[Other] ","""-9999""=[Reason Unknown] |""-9960""=[This information was not provided by the originator (participant or sensor)] |""-9985""=[Data was invalid (wrong format, wrong or unknown units, not parseable, or impossible value)] |""-9944""=[This element (question or variable) was not presented to user for collection (reason unspecified)]",20230607_project16_DICT_transformcopy_v1.csv,phs002743
vaccine_rec1_dte,On what date did you receive your first shot of the vaccine?,,date,,,,"""-9999""=[Reason Unknown] |""-9960""=[This information was not provided by the originator (participant or sensor)] |""-9985""=[Data was invalid (wrong format, wrong or unknown units, not parseable, or impossible value)] |""-9944""=[This element (question or variable) was not presented to user for collection (reason unspecified)]",20230607_project16_DICT_transformcopy_v1.csv,phs002743
vaccine_requirement,Is the vaccine required by your school or job?,,int,,,"""0""=[No] |""1""=[Yes] |""98""=[Don't know] |""99""=[Prefer not to answer] ","""-9999""=[Reason Unknown] |""-9960""=[This information was not provided by the originator (participant or sensor)] |""-9985""=[Data was invalid (wrong format, wrong or unknown units, not parseable, or impossible value)] |""-9944""=[This element (question or variable) was not presented to user for collection (reason unspecified)]",20230607_project16_DICT_transformcopy_v1.csv,phs002743
vaccine_safe_2,The vaccine is safe,,int,,,"""1""=[1- Not important] |""2""=[2] |""3""=[3- Neutral] |""4""=[4] |""5""=[5- Very important] |""99""=[Prefer not to answer] ","""-9999""=[Reason Unknown] |""-9960""=[This information was not provided by the originator (participant or sensor)] |""-9985""=[Data was invalid (wrong format, wrong or unknown units, not parseable, or impossible value)] |""-9944""=[This element (question or variable) was not presented to user for collection (reason unspecified)]",20230607_project16_DICT_transformcopy_v1.csv,phs002743
vaper_years,How many years have you vaped?,,decimal,,,,"""-9999""=[Reason Unknown] |""-9960""=[This information was not provided by the originator (participant or sensor)] |""-9985""=[Data was invalid (wrong format, wrong or unknown units, not parseable, or impossible value)] |""-9944""=[This element (question or variable) was not presented to user for collection (reason unspecified)]",20230607_project16_DICT_transformcopy_v1.csv,phs002743
work_closecont_2,Does your work require you to be in close contact (i.e. within 6 ft) with others?,,int,,,"""1""=[Yes, all of the time] |""2""=[Yes, most of the time] |""3""=[Some of the time] |""4""=[Rarely] |""5""=[Not at all] |""99""=[Prefer not to answer] ","""-9999""=[Reason Unknown] |""-9960""=[This information was not provided by the originator (participant or sensor)] |""-9985""=[Data was invalid (wrong format, wrong or unknown units, not parseable, or impossible value)] |""-9944""=[This element (question or variable) was not presented to user for collection (reason unspecified)]",20230607_project16_DICT_transformcopy_v1.csv,phs002743
work_ppe_2,"In your workplace, do you have access to necessary personal protective equipment (PPE)? ",,int,,,"""1""=[Yes, all of the time] |""2""=[Yes, most of the time] |""3""=[Some of the time] |""4""=[Rarely] |""5""=[Not at all] |""6""=[Not applicable] |""99""=[Prefer not to answer] ","""-9999""=[Reason Unknown] |""-9960""=[This information was not provided by the originator (participant or sensor)] |""-9985""=[Data was invalid (wrong format, wrong or unknown units, not parseable, or impossible value)] |""-9944""=[This element (question or variable) was not presented to user for collection (reason unspecified)]",20230607_project16_DICT_transformcopy_v1.csv,phs002743
work_ppe_date_mdy,Date of Work PPE and Distancing Collection,,date,,,,"""-9999""=[Reason Unknown] |""-9960""=[This information was not provided by the originator (participant or sensor)] |""-9985""=[Data was invalid (wrong format, wrong or unknown units, not parseable, or impossible value)] |""-9944""=[This element (question or variable) was not presented to user for collection (reason unspecified)]",20230607_project16_DICT_transformcopy_v1.csv,phs002743
work_wash_2,"In your workplace, do you have access to necessary facilities to wash?",,int,,,"""1""=[Yes, all of the time] |""2""=[Yes, most of the time] |""3""=[Some of the time] |""4""=[Rarely] |""5""=[Not at all] |""99""=[Prefer not to answer] ","""-9999""=[Reason Unknown] |""-9960""=[This information was not provided by the originator (participant or sensor)] |""-9985""=[Data was invalid (wrong format, wrong or unknown units, not parseable, or impossible value)] |""-9944""=[This element (question or variable) was not presented to user for collection (reason unspecified)]",20230607_project16_DICT_transformcopy_v1.csv,phs002743
